team,service,model,month,api_calls,tokens_used,cost
Engineering,OpenAI,gpt-4-turbo,2023-07,1535,3435188,103.06
Engineering,OpenAI,gpt-4o,2023-07,1638,5418119,81.27
Engineering,OpenAI,text-embedding-ada-002,2023-07,956,3096221,0.31
Engineering,Anthropic,claude-3-sonnet,2023-07,1554,3889162,58.34
Engineering,Anthropic,claude-3-haiku,2023-07,2292,5136692,15.41
Engineering,Google,gemini-1.5-pro,2023-07,2381,7733967,139.21
Engineering,Google,gemini-1.5-flash,2023-07,2008,4035234,16.14
Engineering,Cohere,command-r-plus,2023-07,1744,5101880,61.22
Engineering,Cohere,embed-v3,2023-07,2577,7596275,0.76
Marketing,OpenAI,gpt-4-turbo,2023-07,570,1682074,50.46
Marketing,OpenAI,gpt-4o,2023-07,682,2161781,32.43
Marketing,OpenAI,text-embedding-ada-002,2023-07,509,1599044,0.16
Marketing,Anthropic,claude-3-sonnet,2023-07,1024,3527155,52.91
Marketing,Anthropic,claude-3-haiku,2023-07,905,2668784,8.01
Marketing,Google,gemini-1.5-pro,2023-07,1259,2711589,48.81
Marketing,Google,gemini-1.5-flash,2023-07,1262,3826167,15.3
Marketing,Cohere,command-r-plus,2023-07,740,1814069,21.77
Marketing,Cohere,embed-v3,2023-07,1124,2361553,0.24
Sales,OpenAI,gpt-4-turbo,2023-07,1049,2642246,79.27
Sales,OpenAI,gpt-4o,2023-07,1072,2217553,33.26
Sales,OpenAI,text-embedding-ada-002,2023-07,1222,4228405,0.42
Sales,Anthropic,claude-3-sonnet,2023-07,1921,6002121,90.03
Sales,Anthropic,claude-3-haiku,2023-07,1167,3661339,10.98
Sales,Google,gemini-1.5-pro,2023-07,1072,2179574,39.23
Sales,Google,gemini-1.5-flash,2023-07,1341,3664905,14.66
Sales,Cohere,command-r-plus,2023-07,1743,5272475,63.27
Sales,Cohere,embed-v3,2023-07,1451,3497548,0.35
Design,OpenAI,gpt-4-turbo,2023-07,346,913188,27.4
Design,OpenAI,gpt-4o,2023-07,258,579322,8.69
Design,OpenAI,text-embedding-ada-002,2023-07,313,951683,0.1
Design,Anthropic,claude-3-sonnet,2023-07,332,705025,10.58
Design,Anthropic,claude-3-haiku,2023-07,443,1320922,3.96
Design,Google,gemini-1.5-pro,2023-07,345,1182071,21.28
Design,Google,gemini-1.5-flash,2023-07,316,836926,3.35
Data,OpenAI,gpt-4-turbo,2023-07,1055,2774218,83.23
Data,OpenAI,gpt-4o,2023-07,902,2341945,35.13
Data,OpenAI,text-embedding-ada-002,2023-07,720,2502695,0.25
Data,Anthropic,claude-3-sonnet,2023-07,1182,3949237,59.24
Data,Anthropic,claude-3-haiku,2023-07,1047,2428680,7.29
Data,Google,gemini-1.5-pro,2023-07,898,2673795,48.13
Data,Google,gemini-1.5-flash,2023-07,1151,3794314,15.18
Data,Cohere,command-r-plus,2023-07,1229,4242864,50.91
Data,Cohere,embed-v3,2023-07,1014,3349175,0.33
Support,OpenAI,gpt-4-turbo,2023-07,1943,6132851,183.99
Support,OpenAI,gpt-4o,2023-07,2011,6317628,94.76
Support,Anthropic,claude-3-sonnet,2023-07,2689,5907376,88.61
Support,Anthropic,claude-3-haiku,2023-07,1798,6079526,18.24
Support,Google,gemini-1.5-pro,2023-07,2674,8542911,153.77
Support,Google,gemini-1.5-flash,2023-07,2472,5378978,21.52
Support,Cohere,command-r-plus,2023-07,1937,5865909,70.39
Engineering,OpenAI,gpt-4-turbo,2023-08,1304,3000226,90.01
Engineering,OpenAI,gpt-4o,2023-08,1354,2838408,42.58
Engineering,OpenAI,text-embedding-ada-002,2023-08,1428,3432183,0.34
Engineering,Anthropic,claude-3-sonnet,2023-08,2406,5932096,88.98
Engineering,Anthropic,claude-3-haiku,2023-08,1986,4006617,12.02
Engineering,Google,gemini-1.5-pro,2023-08,1517,3927119,70.69
Engineering,Google,gemini-1.5-flash,2023-08,2017,5849362,23.4
Engineering,Cohere,command-r-plus,2023-08,1786,5433856,65.21
Engineering,Cohere,embed-v3,2023-08,2482,7867385,0.79
Marketing,OpenAI,gpt-4-turbo,2023-08,492,1338614,40.16
Marketing,OpenAI,gpt-4o,2023-08,519,1226432,18.4
Marketing,OpenAI,text-embedding-ada-002,2023-08,879,1945880,0.19
Marketing,Anthropic,claude-3-sonnet,2023-08,1020,2985778,44.79
Marketing,Anthropic,claude-3-haiku,2023-08,1144,3248357,9.75
Marketing,Google,gemini-1.5-pro,2023-08,720,1792578,32.27
Marketing,Google,gemini-1.5-flash,2023-08,1031,2197885,8.79
Marketing,Cohere,command-r-plus,2023-08,929,1904268,22.85
Marketing,Cohere,embed-v3,2023-08,762,1977683,0.2
Sales,OpenAI,gpt-4-turbo,2023-08,795,2266792,68.0
Sales,OpenAI,gpt-4o,2023-08,1136,3636199,54.54
Sales,OpenAI,text-embedding-ada-002,2023-08,837,1884274,0.19
Sales,Anthropic,claude-3-sonnet,2023-08,1167,3448071,51.72
Sales,Anthropic,claude-3-haiku,2023-08,1720,3521492,10.56
Sales,Google,gemini-1.5-pro,2023-08,1932,4014612,72.26
Sales,Google,gemini-1.5-flash,2023-08,1569,4806773,19.23
Sales,Cohere,command-r-plus,2023-08,1872,5749156,68.99
Sales,Cohere,embed-v3,2023-08,1808,4536588,0.45
Design,OpenAI,gpt-4-turbo,2023-08,323,684815,20.54
Design,OpenAI,gpt-4o,2023-08,336,947986,14.22
Design,OpenAI,text-embedding-ada-002,2023-08,324,867826,0.09
Design,Anthropic,claude-3-sonnet,2023-08,443,1235794,18.54
Design,Anthropic,claude-3-haiku,2023-08,465,986936,2.96
Design,Google,gemini-1.5-pro,2023-08,300,711196,12.8
Design,Google,gemini-1.5-flash,2023-08,324,1071686,4.29
Data,OpenAI,gpt-4-turbo,2023-08,707,2448905,73.47
Data,OpenAI,gpt-4o,2023-08,767,1743526,26.15
Data,OpenAI,text-embedding-ada-002,2023-08,998,2982085,0.3
Data,Anthropic,claude-3-sonnet,2023-08,1274,3609299,54.14
Data,Anthropic,claude-3-haiku,2023-08,1443,3380490,10.14
Data,Google,gemini-1.5-pro,2023-08,1656,5733386,103.2
Data,Google,gemini-1.5-flash,2023-08,1391,3198345,12.79
Data,Cohere,command-r-plus,2023-08,1414,2981132,35.77
Data,Cohere,embed-v3,2023-08,916,2186056,0.22
Support,OpenAI,gpt-4-turbo,2023-08,1663,5491905,164.76
Support,OpenAI,gpt-4o,2023-08,1933,6019477,90.29
Support,Anthropic,claude-3-sonnet,2023-08,2437,6138565,92.08
Support,Anthropic,claude-3-haiku,2023-08,2354,8195390,24.59
Support,Google,gemini-1.5-pro,2023-08,1847,6096110,109.73
Support,Google,gemini-1.5-flash,2023-08,2672,7101970,28.41
Support,Cohere,command-r-plus,2023-08,2897,7908819,94.91
Engineering,OpenAI,gpt-4-turbo,2023-09,1700,5696789,170.9
Engineering,OpenAI,gpt-4o,2023-09,1323,3195364,47.93
Engineering,OpenAI,text-embedding-ada-002,2023-09,1465,4934918,0.49
Engineering,Anthropic,claude-3-sonnet,2023-09,1721,5050188,75.75
Engineering,Anthropic,claude-3-haiku,2023-09,2247,6964957,20.89
Engineering,Google,gemini-1.5-pro,2023-09,1622,4985602,89.74
Engineering,Google,gemini-1.5-flash,2023-09,2594,5887146,23.55
Engineering,Cohere,command-r-plus,2023-09,1755,6067197,72.81
Engineering,Cohere,embed-v3,2023-09,1684,5526176,0.55
Marketing,OpenAI,gpt-4-turbo,2023-09,691,1638255,49.15
Marketing,OpenAI,gpt-4o,2023-09,848,2262428,33.94
Marketing,OpenAI,text-embedding-ada-002,2023-09,700,1777195,0.18
Marketing,Anthropic,claude-3-sonnet,2023-09,1099,2467569,37.01
Marketing,Anthropic,claude-3-haiku,2023-09,973,3360857,10.08
Marketing,Google,gemini-1.5-pro,2023-09,890,2656743,47.82
Marketing,Google,gemini-1.5-flash,2023-09,932,2945315,11.78
Marketing,Cohere,command-r-plus,2023-09,810,2798332,33.58
Marketing,Cohere,embed-v3,2023-09,1012,2382324,0.24
Sales,OpenAI,gpt-4-turbo,2023-09,775,1747343,52.42
Sales,OpenAI,gpt-4o,2023-09,1054,2640802,39.61
Sales,OpenAI,text-embedding-ada-002,2023-09,1247,3299975,0.33
Sales,Anthropic,claude-3-sonnet,2023-09,1326,3879501,58.19
Sales,Anthropic,claude-3-haiku,2023-09,1756,3951988,11.86
Sales,Google,gemini-1.5-pro,2023-09,1250,2568758,46.24
Sales,Google,gemini-1.5-flash,2023-09,1784,5344340,21.38
Sales,Cohere,command-r-plus,2023-09,1538,5023501,60.28
Sales,Cohere,embed-v3,2023-09,1849,5321480,0.53
Design,OpenAI,gpt-4-turbo,2023-09,339,782670,23.48
Design,OpenAI,gpt-4o,2023-09,213,512185,7.68
Design,OpenAI,text-embedding-ada-002,2023-09,203,567741,0.06
Design,Anthropic,claude-3-sonnet,2023-09,525,1080983,16.21
Design,Anthropic,claude-3-haiku,2023-09,322,862412,2.59
Design,Google,gemini-1.5-pro,2023-09,525,1298972,23.38
Design,Google,gemini-1.5-flash,2023-09,418,862066,3.45
Data,OpenAI,gpt-4-turbo,2023-09,684,2380282,71.41
Data,OpenAI,gpt-4o,2023-09,1110,2228225,33.42
Data,OpenAI,text-embedding-ada-002,2023-09,1103,3263423,0.33
Data,Anthropic,claude-3-sonnet,2023-09,1589,4261872,63.93
Data,Anthropic,claude-3-haiku,2023-09,1314,3591516,10.77
Data,Google,gemini-1.5-pro,2023-09,1432,3163970,56.95
Data,Google,gemini-1.5-flash,2023-09,934,2299409,9.2
Data,Cohere,command-r-plus,2023-09,1461,3364361,40.37
Data,Cohere,embed-v3,2023-09,1437,4964645,0.5
Support,OpenAI,gpt-4-turbo,2023-09,1313,3950689,118.52
Support,OpenAI,gpt-4o,2023-09,1677,5537811,83.07
Support,Anthropic,claude-3-sonnet,2023-09,2099,6378732,95.68
Support,Anthropic,claude-3-haiku,2023-09,3132,10701797,32.11
Support,Google,gemini-1.5-pro,2023-09,2890,7935252,142.83
Support,Google,gemini-1.5-flash,2023-09,2788,9209760,36.84
Support,Cohere,command-r-plus,2023-09,2714,5551705,66.62
Engineering,OpenAI,gpt-4-turbo,2023-10,1782,5407105,162.21
Engineering,OpenAI,gpt-4o,2023-10,1566,3638620,54.58
Engineering,OpenAI,text-embedding-ada-002,2023-10,1551,4018325,0.4
Engineering,Anthropic,claude-3-sonnet,2023-10,2317,5004464,75.07
Engineering,Anthropic,claude-3-haiku,2023-10,2326,8138954,24.42
Engineering,Google,gemini-1.5-pro,2023-10,1548,5364998,96.57
Engineering,Google,gemini-1.5-flash,2023-10,2006,6632097,26.53
Engineering,Cohere,command-r-plus,2023-10,2485,7083553,85.0
Engineering,Cohere,embed-v3,2023-10,2429,8058871,0.81
Marketing,OpenAI,gpt-4-turbo,2023-10,667,1661196,49.84
Marketing,OpenAI,gpt-4o,2023-10,779,2501967,37.53
Marketing,OpenAI,text-embedding-ada-002,2023-10,819,2618114,0.26
Marketing,Anthropic,claude-3-sonnet,2023-10,1021,3294513,49.42
Marketing,Anthropic,claude-3-haiku,2023-10,820,2309721,6.93
Marketing,Google,gemini-1.5-pro,2023-10,747,1857698,33.44
Marketing,Google,gemini-1.5-flash,2023-10,977,2534591,10.14
Marketing,Cohere,command-r-plus,2023-10,1187,3065827,36.79
Marketing,Cohere,embed-v3,2023-10,1029,2424649,0.24
Sales,OpenAI,gpt-4-turbo,2023-10,981,2296427,68.89
Sales,OpenAI,gpt-4o,2023-10,790,2295086,34.43
Sales,OpenAI,text-embedding-ada-002,2023-10,1169,3424276,0.34
Sales,Anthropic,claude-3-sonnet,2023-10,1558,4003559,60.05
Sales,Anthropic,claude-3-haiku,2023-10,1941,5393306,16.18
Sales,Google,gemini-1.5-pro,2023-10,1573,3206502,57.72
Sales,Google,gemini-1.5-flash,2023-10,1441,3703792,14.82
Sales,Cohere,command-r-plus,2023-10,1496,4293906,51.53
Sales,Cohere,embed-v3,2023-10,1625,4731768,0.47
Design,OpenAI,gpt-4-turbo,2023-10,328,1055988,31.68
Design,OpenAI,gpt-4o,2023-10,320,1098651,16.48
Design,OpenAI,text-embedding-ada-002,2023-10,201,461027,0.05
Design,Anthropic,claude-3-sonnet,2023-10,299,888392,13.33
Design,Anthropic,claude-3-haiku,2023-10,526,1244107,3.73
Design,Google,gemini-1.5-pro,2023-10,533,1114183,20.06
Design,Google,gemini-1.5-flash,2023-10,535,1352177,5.41
Data,OpenAI,gpt-4-turbo,2023-10,673,1836487,55.09
Data,OpenAI,gpt-4o,2023-10,756,1835045,27.53
Data,OpenAI,text-embedding-ada-002,2023-10,783,2509153,0.25
Data,Anthropic,claude-3-sonnet,2023-10,1359,3352600,50.29
Data,Anthropic,claude-3-haiku,2023-10,1416,4353104,13.06
Data,Google,gemini-1.5-pro,2023-10,1146,3002890,54.05
Data,Google,gemini-1.5-flash,2023-10,1026,2330788,9.32
Data,Cohere,command-r-plus,2023-10,1472,3344615,40.14
Data,Cohere,embed-v3,2023-10,1348,4129691,0.41
Support,OpenAI,gpt-4-turbo,2023-10,1353,3857360,115.72
Support,OpenAI,gpt-4o,2023-10,1512,5207918,78.12
Support,Anthropic,claude-3-sonnet,2023-10,2630,8439640,126.59
Support,Anthropic,claude-3-haiku,2023-10,2736,5650165,16.95
Support,Google,gemini-1.5-pro,2023-10,2868,9828937,176.92
Support,Google,gemini-1.5-flash,2023-10,2818,9098711,36.39
Support,Cohere,command-r-plus,2023-10,3268,7654047,91.85
Engineering,OpenAI,gpt-4-turbo,2023-11,1194,3482266,104.47
Engineering,OpenAI,gpt-4o,2023-11,1367,4456135,66.84
Engineering,OpenAI,text-embedding-ada-002,2023-11,1791,4531466,0.45
Engineering,Anthropic,claude-3-sonnet,2023-11,1824,5783517,86.75
Engineering,Anthropic,claude-3-haiku,2023-11,1873,6057134,18.17
Engineering,Google,gemini-1.5-pro,2023-11,2067,6203738,111.67
Engineering,Google,gemini-1.5-flash,2023-11,1640,4814693,19.26
Engineering,Cohere,command-r-plus,2023-11,2103,6056456,72.68
Engineering,Cohere,embed-v3,2023-11,1735,5387713,0.54
Marketing,OpenAI,gpt-4-turbo,2023-11,879,2043771,61.31
Marketing,OpenAI,gpt-4o,2023-11,547,1113395,16.7
Marketing,OpenAI,text-embedding-ada-002,2023-11,783,2279031,0.23
Marketing,Anthropic,claude-3-sonnet,2023-11,1113,2613235,39.2
Marketing,Anthropic,claude-3-haiku,2023-11,1012,2926415,8.78
Marketing,Google,gemini-1.5-pro,2023-11,1081,3763694,67.75
Marketing,Google,gemini-1.5-flash,2023-11,847,2577181,10.31
Marketing,Cohere,command-r-plus,2023-11,1021,2697787,32.37
Marketing,Cohere,embed-v3,2023-11,1224,3719312,0.37
Sales,OpenAI,gpt-4-turbo,2023-11,1402,3074013,92.22
Sales,OpenAI,gpt-4o,2023-11,826,2549455,38.24
Sales,OpenAI,text-embedding-ada-002,2023-11,1134,2734347,0.27
Sales,Anthropic,claude-3-sonnet,2023-11,1214,2583983,38.76
Sales,Anthropic,claude-3-haiku,2023-11,2009,4596192,13.79
Sales,Google,gemini-1.5-pro,2023-11,1452,3397657,61.16
Sales,Google,gemini-1.5-flash,2023-11,1483,3120433,12.48
Sales,Cohere,command-r-plus,2023-11,1643,3452631,41.43
Sales,Cohere,embed-v3,2023-11,1917,4506039,0.45
Design,OpenAI,gpt-4-turbo,2023-11,295,979434,29.38
Design,OpenAI,gpt-4o,2023-11,315,881822,13.23
Design,OpenAI,text-embedding-ada-002,2023-11,258,644871,0.06
Design,Anthropic,claude-3-sonnet,2023-11,477,1665306,24.98
Design,Anthropic,claude-3-haiku,2023-11,475,1347420,4.04
Design,Google,gemini-1.5-pro,2023-11,493,1330019,23.94
Design,Google,gemini-1.5-flash,2023-11,318,904215,3.62
Data,OpenAI,gpt-4-turbo,2023-11,1150,2602397,78.07
Data,OpenAI,gpt-4o,2023-11,1005,2312907,34.69
Data,OpenAI,text-embedding-ada-002,2023-11,922,1977703,0.2
Data,Anthropic,claude-3-sonnet,2023-11,1313,4115263,61.73
Data,Anthropic,claude-3-haiku,2023-11,1230,3686762,11.06
Data,Google,gemini-1.5-pro,2023-11,1594,5404882,97.29
Data,Google,gemini-1.5-flash,2023-11,1138,2957632,11.83
Data,Cohere,command-r-plus,2023-11,1071,3736424,44.84
Data,Cohere,embed-v3,2023-11,1701,4779700,0.48
Support,OpenAI,gpt-4-turbo,2023-11,2176,6052406,181.57
Support,OpenAI,gpt-4o,2023-11,1939,4137218,62.06
Support,Anthropic,claude-3-sonnet,2023-11,3123,6844273,102.66
Support,Anthropic,claude-3-haiku,2023-11,3238,10274310,30.82
Support,Google,gemini-1.5-pro,2023-11,3047,6259271,112.67
Support,Google,gemini-1.5-flash,2023-11,2388,5718469,22.87
Support,Cohere,command-r-plus,2023-11,2481,5288162,63.46
Engineering,OpenAI,gpt-4-turbo,2023-12,1858,5259446,157.78
Engineering,OpenAI,gpt-4o,2023-12,1300,3374113,50.61
Engineering,OpenAI,text-embedding-ada-002,2023-12,1425,4133770,0.41
Engineering,Anthropic,claude-3-sonnet,2023-12,2229,7531987,112.98
Engineering,Anthropic,claude-3-haiku,2023-12,2204,7688074,23.06
Engineering,Google,gemini-1.5-pro,2023-12,2673,6182022,111.28
Engineering,Google,gemini-1.5-flash,2023-12,2778,6040898,24.16
Engineering,Cohere,command-r-plus,2023-12,2628,6756417,81.08
Engineering,Cohere,embed-v3,2023-12,2709,8945348,0.89
Marketing,OpenAI,gpt-4-turbo,2023-12,871,2774174,83.23
Marketing,OpenAI,gpt-4o,2023-12,649,1376774,20.65
Marketing,OpenAI,text-embedding-ada-002,2023-12,693,1566378,0.16
Marketing,Anthropic,claude-3-sonnet,2023-12,1233,3106111,46.59
Marketing,Anthropic,claude-3-haiku,2023-12,1419,4202309,12.61
Marketing,Google,gemini-1.5-pro,2023-12,1317,2895802,52.12
Marketing,Google,gemini-1.5-flash,2023-12,1344,4548278,18.19
Marketing,Cohere,command-r-plus,2023-12,1095,3185770,38.23
Marketing,Cohere,embed-v3,2023-12,1279,2893427,0.29
Sales,OpenAI,gpt-4-turbo,2023-12,1105,2870783,86.12
Sales,OpenAI,gpt-4o,2023-12,869,2217081,33.26
Sales,OpenAI,text-embedding-ada-002,2023-12,818,1667671,0.17
Sales,Anthropic,claude-3-sonnet,2023-12,1293,4453961,66.81
Sales,Anthropic,claude-3-haiku,2023-12,1705,5880090,17.64
Sales,Google,gemini-1.5-pro,2023-12,1589,3921213,70.58
Sales,Google,gemini-1.5-flash,2023-12,1662,4419702,17.68
Sales,Cohere,command-r-plus,2023-12,1264,3743006,44.92
Sales,Cohere,embed-v3,2023-12,1374,4024970,0.4
Design,OpenAI,gpt-4-turbo,2023-12,320,712971,21.39
Design,OpenAI,gpt-4o,2023-12,216,684966,10.27
Design,OpenAI,text-embedding-ada-002,2023-12,287,599039,0.06
Design,Anthropic,claude-3-sonnet,2023-12,572,1193575,17.9
Design,Anthropic,claude-3-haiku,2023-12,493,1713430,5.14
Design,Google,gemini-1.5-pro,2023-12,372,823375,14.82
Design,Google,gemini-1.5-flash,2023-12,341,837125,3.35
Data,OpenAI,gpt-4-turbo,2023-12,699,2123731,63.71
Data,OpenAI,gpt-4o,2023-12,678,1874082,28.11
Data,OpenAI,text-embedding-ada-002,2023-12,1194,3845820,0.38
Data,Anthropic,claude-3-sonnet,2023-12,1475,3627586,54.41
Data,Anthropic,claude-3-haiku,2023-12,1482,4135613,12.41
Data,Google,gemini-1.5-pro,2023-12,1318,2894414,52.1
Data,Google,gemini-1.5-flash,2023-12,1700,4546950,18.19
Data,Cohere,command-r-plus,2023-12,1127,2875697,34.51
Data,Cohere,embed-v3,2023-12,1309,4242870,0.42
Support,OpenAI,gpt-4-turbo,2023-12,2098,6617002,198.51
Support,OpenAI,gpt-4o,2023-12,1300,3411500,51.17
Support,Anthropic,claude-3-sonnet,2023-12,2729,5536563,83.05
Support,Anthropic,claude-3-haiku,2023-12,2362,7417706,22.25
Support,Google,gemini-1.5-pro,2023-12,2159,6051601,108.93
Support,Google,gemini-1.5-flash,2023-12,2288,4617598,18.47
Support,Cohere,command-r-plus,2023-12,2331,8074142,96.89
Engineering,OpenAI,gpt-4-turbo,2024-01,1771,6091115,182.73
Engineering,OpenAI,gpt-4o,2024-01,1489,3223095,48.35
Engineering,OpenAI,text-embedding-ada-002,2024-01,1543,4137656,0.41
Engineering,Anthropic,claude-3-sonnet,2024-01,2714,5827294,87.41
Engineering,Anthropic,claude-3-haiku,2024-01,2234,4970813,14.91
Engineering,Google,gemini-1.5-pro,2024-01,2013,6252449,112.54
Engineering,Google,gemini-1.5-flash,2024-01,2217,5684016,22.74
Engineering,Cohere,command-r-plus,2024-01,2107,5666081,67.99
Engineering,Cohere,embed-v3,2024-01,2634,8792626,0.88
Marketing,OpenAI,gpt-4-turbo,2024-01,954,3034058,91.02
Marketing,OpenAI,gpt-4o,2024-01,666,2019446,30.29
Marketing,OpenAI,text-embedding-ada-002,2024-01,721,1717426,0.17
Marketing,Anthropic,claude-3-sonnet,2024-01,1355,2788101,41.82
Marketing,Anthropic,claude-3-haiku,2024-01,1396,3758333,11.27
Marketing,Google,gemini-1.5-pro,2024-01,1217,3637650,65.48
Marketing,Google,gemini-1.5-flash,2024-01,1391,4110411,16.44
Marketing,Cohere,command-r-plus,2024-01,1201,2522073,30.26
Marketing,Cohere,embed-v3,2024-01,1137,2530113,0.25
Sales,OpenAI,gpt-4-turbo,2024-01,1285,3557307,106.72
Sales,OpenAI,gpt-4o,2024-01,1246,2569886,38.55
Sales,OpenAI,text-embedding-ada-002,2024-01,844,2594865,0.26
Sales,Anthropic,claude-3-sonnet,2024-01,1254,2642033,39.63
Sales,Anthropic,claude-3-haiku,2024-01,1193,4097659,12.29
Sales,Google,gemini-1.5-pro,2024-01,1927,4875073,87.75
Sales,Google,gemini-1.5-flash,2024-01,1481,3738865,14.96
Sales,Cohere,command-r-plus,2024-01,1965,5879389,70.55
Sales,Cohere,embed-v3,2024-01,1368,3093272,0.31
Design,OpenAI,gpt-4-turbo,2024-01,227,678833,20.36
Design,OpenAI,gpt-4o,2024-01,347,831956,12.48
Design,OpenAI,text-embedding-ada-002,2024-01,213,452253,0.05
Design,Anthropic,claude-3-sonnet,2024-01,576,1407264,21.11
Design,Anthropic,claude-3-haiku,2024-01,522,1533111,4.6
Design,Google,gemini-1.5-pro,2024-01,418,964965,17.37
Design,Google,gemini-1.5-flash,2024-01,347,1014114,4.06
Data,OpenAI,gpt-4-turbo,2024-01,1091,3235749,97.07
Data,OpenAI,gpt-4o,2024-01,954,1968032,29.52
Data,OpenAI,text-embedding-ada-002,2024-01,1201,3840883,0.38
Data,Anthropic,claude-3-sonnet,2024-01,1231,4271515,64.07
Data,Anthropic,claude-3-haiku,2024-01,1492,4287461,12.86
Data,Google,gemini-1.5-pro,2024-01,1615,5196512,93.54
Data,Google,gemini-1.5-flash,2024-01,1538,3371516,13.49
Data,Cohere,command-r-plus,2024-01,1269,4304607,51.66
Data,Cohere,embed-v3,2024-01,1173,3000827,0.3
Support,OpenAI,gpt-4-turbo,2024-01,1798,4781075,143.43
Support,OpenAI,gpt-4o,2024-01,2002,6836056,102.54
Support,Anthropic,claude-3-sonnet,2024-01,2374,5180666,77.71
Support,Anthropic,claude-3-haiku,2024-01,2301,7663221,22.99
Support,Google,gemini-1.5-pro,2024-01,3058,7427454,133.69
Support,Google,gemini-1.5-flash,2024-01,3345,11011923,44.05
Support,Cohere,command-r-plus,2024-01,3397,11476390,137.72
Engineering,OpenAI,gpt-4-turbo,2024-02,1300,4072331,122.17
Engineering,OpenAI,gpt-4o,2024-02,1491,4865129,72.98
Engineering,OpenAI,text-embedding-ada-002,2024-02,1737,5497033,0.55
Engineering,Anthropic,claude-3-sonnet,2024-02,2506,5678954,85.18
Engineering,Anthropic,claude-3-haiku,2024-02,2353,8181391,24.54
Engineering,Google,gemini-1.5-pro,2024-02,2893,5973352,107.52
Engineering,Google,gemini-1.5-flash,2024-02,1830,4021595,16.09
Engineering,Cohere,command-r-plus,2024-02,2602,8395816,100.75
Engineering,Cohere,embed-v3,2024-02,1897,5233403,0.52
Marketing,OpenAI,gpt-4-turbo,2024-02,920,2851266,85.54
Marketing,OpenAI,gpt-4o,2024-02,783,2259363,33.89
Marketing,OpenAI,text-embedding-ada-002,2024-02,767,1876329,0.19
Marketing,Anthropic,claude-3-sonnet,2024-02,1190,3609660,54.14
Marketing,Anthropic,claude-3-haiku,2024-02,1402,4142120,12.43
Marketing,Google,gemini-1.5-pro,2024-02,1325,2968142,53.43
Marketing,Google,gemini-1.5-flash,2024-02,1119,2253663,9.01
Marketing,Cohere,command-r-plus,2024-02,971,3000091,36.0
Marketing,Cohere,embed-v3,2024-02,1483,3186621,0.32
Sales,OpenAI,gpt-4-turbo,2024-02,1078,3449714,103.49
Sales,OpenAI,gpt-4o,2024-02,942,2668335,40.03
Sales,OpenAI,text-embedding-ada-002,2024-02,1306,3818715,0.38
Sales,Anthropic,claude-3-sonnet,2024-02,1397,3538708,53.08
Sales,Anthropic,claude-3-haiku,2024-02,2011,5693824,17.08
Sales,Google,gemini-1.5-pro,2024-02,1208,3794915,68.31
Sales,Google,gemini-1.5-flash,2024-02,1239,3863946,15.46
Sales,Cohere,command-r-plus,2024-02,1411,4849762,58.2
Sales,Cohere,embed-v3,2024-02,1582,3939808,0.39
Design,OpenAI,gpt-4-turbo,2024-02,241,592475,17.77
Design,OpenAI,gpt-4o,2024-02,374,1306943,19.6
Design,OpenAI,text-embedding-ada-002,2024-02,281,751089,0.08
Design,Anthropic,claude-3-sonnet,2024-02,519,1727903,25.92
Design,Anthropic,claude-3-haiku,2024-02,483,1249660,3.75
Design,Google,gemini-1.5-pro,2024-02,434,1320847,23.78
Design,Google,gemini-1.5-flash,2024-02,321,940332,3.76
Data,OpenAI,gpt-4-turbo,2024-02,872,2782810,83.48
Data,OpenAI,gpt-4o,2024-02,721,2078140,31.17
Data,OpenAI,text-embedding-ada-002,2024-02,943,2794569,0.28
Data,Anthropic,claude-3-sonnet,2024-02,1058,3036434,45.55
Data,Anthropic,claude-3-haiku,2024-02,1485,4218870,12.66
Data,Google,gemini-1.5-pro,2024-02,1521,4585361,82.54
Data,Google,gemini-1.5-flash,2024-02,1694,4073614,16.29
Data,Cohere,command-r-plus,2024-02,1711,4700773,56.41
Data,Cohere,embed-v3,2024-02,1068,2229798,0.22
Support,OpenAI,gpt-4-turbo,2024-02,1719,5461856,163.86
Support,OpenAI,gpt-4o,2024-02,2147,6833734,102.51
Support,Anthropic,claude-3-sonnet,2024-02,2894,7698903,115.48
Support,Anthropic,claude-3-haiku,2024-02,2258,5627588,16.88
Support,Google,gemini-1.5-pro,2024-02,2751,5867609,105.62
Support,Google,gemini-1.5-flash,2024-02,2384,6907253,27.63
Support,Cohere,command-r-plus,2024-02,3269,11433397,137.2
Engineering,OpenAI,gpt-4-turbo,2024-03,1959,5806177,174.19
Engineering,OpenAI,gpt-4o,2024-03,1482,4378222,65.67
Engineering,OpenAI,text-embedding-ada-002,2024-03,1822,3967412,0.4
Engineering,Anthropic,claude-3-sonnet,2024-03,2207,7194165,107.91
Engineering,Anthropic,claude-3-haiku,2024-03,2170,6201444,18.6
Engineering,Google,gemini-1.5-pro,2024-03,2456,5591610,100.65
Engineering,Google,gemini-1.5-flash,2024-03,2140,5353781,21.42
Engineering,Cohere,command-r-plus,2024-03,1670,3400600,40.81
Engineering,Cohere,embed-v3,2024-03,2797,6739668,0.67
Marketing,OpenAI,gpt-4-turbo,2024-03,786,1924197,57.73
Marketing,OpenAI,gpt-4o,2024-03,983,2348333,35.22
Marketing,OpenAI,text-embedding-ada-002,2024-03,744,2461966,0.25
Marketing,Anthropic,claude-3-sonnet,2024-03,1406,3204487,48.07
Marketing,Anthropic,claude-3-haiku,2024-03,1378,3703072,11.11
Marketing,Google,gemini-1.5-pro,2024-03,1154,2539053,45.7
Marketing,Google,gemini-1.5-flash,2024-03,873,2699236,10.8
Marketing,Cohere,command-r-plus,2024-03,1164,3090741,37.09
Marketing,Cohere,embed-v3,2024-03,1327,4177753,0.42
Sales,OpenAI,gpt-4-turbo,2024-03,927,2702518,81.08
Sales,OpenAI,gpt-4o,2024-03,911,2848754,42.73
Sales,OpenAI,text-embedding-ada-002,2024-03,1276,4382960,0.44
Sales,Anthropic,claude-3-sonnet,2024-03,1297,2704999,40.57
Sales,Anthropic,claude-3-haiku,2024-03,1521,3639081,10.92
Sales,Google,gemini-1.5-pro,2024-03,1484,4985322,89.74
Sales,Google,gemini-1.5-flash,2024-03,1487,3580583,14.32
Sales,Cohere,command-r-plus,2024-03,2022,5408060,64.9
Sales,Cohere,embed-v3,2024-03,2040,4280020,0.43
Design,OpenAI,gpt-4-turbo,2024-03,308,631529,18.95
Design,OpenAI,gpt-4o,2024-03,229,769361,11.54
Design,OpenAI,text-embedding-ada-002,2024-03,243,680067,0.07
Design,Anthropic,claude-3-sonnet,2024-03,441,1111767,16.68
Design,Anthropic,claude-3-haiku,2024-03,578,1174920,3.52
Design,Google,gemini-1.5-pro,2024-03,512,1763886,31.75
Design,Google,gemini-1.5-flash,2024-03,483,1644727,6.58
Data,OpenAI,gpt-4-turbo,2024-03,711,1868643,56.06
Data,OpenAI,gpt-4o,2024-03,832,2576064,38.64
Data,OpenAI,text-embedding-ada-002,2024-03,1252,2985763,0.3
Data,Anthropic,claude-3-sonnet,2024-03,1593,3659354,54.89
Data,Anthropic,claude-3-haiku,2024-03,1515,4084286,12.25
Data,Google,gemini-1.5-pro,2024-03,1871,5449831,98.1
Data,Google,gemini-1.5-flash,2024-03,1326,2878936,11.52
Data,Cohere,command-r-plus,2024-03,1153,2695685,32.35
Data,Cohere,embed-v3,2024-03,1240,4062145,0.41
Support,OpenAI,gpt-4-turbo,2024-03,2015,5611949,168.36
Support,OpenAI,gpt-4o,2024-03,1495,4918863,73.78
Support,Anthropic,claude-3-sonnet,2024-03,3306,6947567,104.21
Support,Anthropic,claude-3-haiku,2024-03,3280,9234208,27.7
Support,Google,gemini-1.5-pro,2024-03,2184,5869392,105.65
Support,Google,gemini-1.5-flash,2024-03,2889,6496383,25.99
Support,Cohere,command-r-plus,2024-03,3696,12104263,145.25
Engineering,OpenAI,gpt-4-turbo,2024-04,1743,4694671,140.84
Engineering,OpenAI,gpt-4o,2024-04,1499,4461713,66.93
Engineering,OpenAI,text-embedding-ada-002,2024-04,1626,3403884,0.34
Engineering,Anthropic,claude-3-sonnet,2024-04,2392,7677376,115.16
Engineering,Anthropic,claude-3-haiku,2024-04,2316,4812497,14.44
Engineering,Google,gemini-1.5-pro,2024-04,2782,6404291,115.28
Engineering,Google,gemini-1.5-flash,2024-04,2031,4563777,18.26
Engineering,Cohere,command-r-plus,2024-04,2133,6687226,80.25
Engineering,Cohere,embed-v3,2024-04,2402,5542187,0.55
Marketing,OpenAI,gpt-4-turbo,2024-04,971,3223110,96.69
Marketing,OpenAI,gpt-4o,2024-04,967,2280373,34.21
Marketing,OpenAI,text-embedding-ada-002,2024-04,768,2670708,0.27
Marketing,Anthropic,claude-3-sonnet,2024-04,1381,2818277,42.27
Marketing,Anthropic,claude-3-haiku,2024-04,877,2364301,7.09
Marketing,Google,gemini-1.5-pro,2024-04,1479,4153109,74.76
Marketing,Google,gemini-1.5-flash,2024-04,1185,2557479,10.23
Marketing,Cohere,command-r-plus,2024-04,1299,4199868,50.4
Marketing,Cohere,embed-v3,2024-04,1102,3486086,0.35
Sales,OpenAI,gpt-4-turbo,2024-04,1518,3499976,105.0
Sales,OpenAI,gpt-4o,2024-04,1204,2926571,43.9
Sales,OpenAI,text-embedding-ada-002,2024-04,1396,4001480,0.4
Sales,Anthropic,claude-3-sonnet,2024-04,1925,6153977,92.31
Sales,Anthropic,claude-3-haiku,2024-04,1670,5632300,16.9
Sales,Google,gemini-1.5-pro,2024-04,1816,4062268,73.12
Sales,Google,gemini-1.5-flash,2024-04,1990,6347885,25.39
Sales,Cohere,command-r-plus,2024-04,1585,5207943,62.5
Sales,Cohere,embed-v3,2024-04,2215,5350015,0.54
Design,OpenAI,gpt-4-turbo,2024-04,408,902115,27.06
Design,OpenAI,gpt-4o,2024-04,260,591847,8.88
Design,OpenAI,text-embedding-ada-002,2024-04,391,1165742,0.12
Design,Anthropic,claude-3-sonnet,2024-04,375,997681,14.97
Design,Anthropic,claude-3-haiku,2024-04,507,1077474,3.23
Design,Google,gemini-1.5-pro,2024-04,583,1868751,33.64
Design,Google,gemini-1.5-flash,2024-04,476,1642528,6.57
Data,OpenAI,gpt-4-turbo,2024-04,940,3267595,98.03
Data,OpenAI,gpt-4o,2024-04,1089,3214735,48.22
Data,OpenAI,text-embedding-ada-002,2024-04,791,2628407,0.26
Data,Anthropic,claude-3-sonnet,2024-04,1419,3183313,47.75
Data,Anthropic,claude-3-haiku,2024-04,1050,2981615,8.94
Data,Google,gemini-1.5-pro,2024-04,1508,4643177,83.58
Data,Google,gemini-1.5-flash,2024-04,1831,3880090,15.52
Data,Cohere,command-r-plus,2024-04,1690,3855089,46.26
Data,Cohere,embed-v3,2024-04,1803,5821157,0.58
Support,OpenAI,gpt-4-turbo,2024-04,2027,6213493,186.4
Support,OpenAI,gpt-4o,2024-04,1758,4758469,71.38
Support,Anthropic,claude-3-sonnet,2024-04,3541,9521387,142.82
Support,Anthropic,claude-3-haiku,2024-04,2715,7442680,22.33
Support,Google,gemini-1.5-pro,2024-04,3553,8892491,160.06
Support,Google,gemini-1.5-flash,2024-04,2387,7323366,29.29
Support,Cohere,command-r-plus,2024-04,3549,7633743,91.6
Engineering,OpenAI,gpt-4-turbo,2024-05,1359,3007409,90.22
Engineering,OpenAI,gpt-4o,2024-05,1464,3916970,58.75
Engineering,OpenAI,text-embedding-ada-002,2024-05,1851,5509911,0.55
Engineering,Anthropic,claude-3-sonnet,2024-05,2592,6554033,98.31
Engineering,Anthropic,claude-3-haiku,2024-05,2911,7879875,23.64
Engineering,Google,gemini-1.5-pro,2024-05,3111,9181224,165.26
Engineering,Google,gemini-1.5-flash,2024-05,1874,5648735,22.59
Engineering,Cohere,command-r-plus,2024-05,2163,6552788,78.63
Engineering,Cohere,embed-v3,2024-05,1792,4054081,0.41
Marketing,OpenAI,gpt-4-turbo,2024-05,977,2286931,68.61
Marketing,OpenAI,gpt-4o,2024-05,968,2341508,35.12
Marketing,OpenAI,text-embedding-ada-002,2024-05,874,2658031,0.27
Marketing,Anthropic,claude-3-sonnet,2024-05,1217,2991344,44.87
Marketing,Anthropic,claude-3-haiku,2024-05,1000,2049784,6.15
Marketing,Google,gemini-1.5-pro,2024-05,1066,3176407,57.18
Marketing,Google,gemini-1.5-flash,2024-05,1526,5046187,20.18
Marketing,Cohere,command-r-plus,2024-05,1401,4458922,53.51
Marketing,Cohere,embed-v3,2024-05,1327,3172100,0.32
Sales,OpenAI,gpt-4-turbo,2024-05,1503,4518165,135.54
Sales,OpenAI,gpt-4o,2024-05,1252,2712438,40.69
Sales,OpenAI,text-embedding-ada-002,2024-05,1169,3145238,0.31
Sales,Anthropic,claude-3-sonnet,2024-05,2208,6226498,93.4
Sales,Anthropic,claude-3-haiku,2024-05,1682,5828467,17.49
Sales,Google,gemini-1.5-pro,2024-05,1389,3658379,65.85
Sales,Google,gemini-1.5-flash,2024-05,1314,4086351,16.35
Sales,Cohere,command-r-plus,2024-05,2267,5486266,65.84
Sales,Cohere,embed-v3,2024-05,2202,5369196,0.54
Design,OpenAI,gpt-4-turbo,2024-05,401,1255508,37.67
Design,OpenAI,gpt-4o,2024-05,381,772290,11.58
Design,OpenAI,text-embedding-ada-002,2024-05,411,1269992,0.13
Design,Anthropic,claude-3-sonnet,2024-05,426,1381983,20.73
Design,Anthropic,claude-3-haiku,2024-05,419,1386525,4.16
Design,Google,gemini-1.5-pro,2024-05,370,1130545,20.35
Design,Google,gemini-1.5-flash,2024-05,495,1061676,4.25
Data,OpenAI,gpt-4-turbo,2024-05,851,1717833,51.53
Data,OpenAI,gpt-4o,2024-05,988,2422475,36.34
Data,OpenAI,text-embedding-ada-002,2024-05,1066,2607283,0.26
Data,Anthropic,claude-3-sonnet,2024-05,1329,4139555,62.09
Data,Anthropic,claude-3-haiku,2024-05,1100,3689776,11.07
Data,Google,gemini-1.5-pro,2024-05,1829,5490122,98.82
Data,Google,gemini-1.5-flash,2024-05,1594,5321495,21.29
Data,Cohere,command-r-plus,2024-05,1225,2595105,31.14
Data,Cohere,embed-v3,2024-05,1274,4066439,0.41
Support,OpenAI,gpt-4-turbo,2024-05,1451,4170479,125.11
Support,OpenAI,gpt-4o,2024-05,2612,8576617,128.65
Support,Anthropic,claude-3-sonnet,2024-05,3059,6410016,96.15
Support,Anthropic,claude-3-haiku,2024-05,3621,10495351,31.49
Support,Google,gemini-1.5-pro,2024-05,2322,4970904,89.48
Support,Google,gemini-1.5-flash,2024-05,3763,11303300,45.21
Support,Cohere,command-r-plus,2024-05,3617,12002900,144.03
Engineering,OpenAI,gpt-4-turbo,2024-06,1709,4744473,142.33
Engineering,OpenAI,gpt-4o,2024-06,1570,3886409,58.3
Engineering,OpenAI,text-embedding-ada-002,2024-06,1574,4975129,0.5
Engineering,Anthropic,claude-3-sonnet,2024-06,2608,8707551,130.61
Engineering,Anthropic,claude-3-haiku,2024-06,2374,6909845,20.73
Engineering,Google,gemini-1.5-pro,2024-06,2652,7657771,137.84
Engineering,Google,gemini-1.5-flash,2024-06,2757,6495906,25.98
Engineering,Cohere,command-r-plus,2024-06,2476,5339090,64.07
Engineering,Cohere,embed-v3,2024-06,2287,6246941,0.62
Marketing,OpenAI,gpt-4-turbo,2024-06,894,3062662,91.88
Marketing,OpenAI,gpt-4o,2024-06,868,2704159,40.56
Marketing,OpenAI,text-embedding-ada-002,2024-06,822,2425850,0.24
Marketing,Anthropic,claude-3-sonnet,2024-06,912,2172007,32.58
Marketing,Anthropic,claude-3-haiku,2024-06,1127,3052750,9.16
Marketing,Google,gemini-1.5-pro,2024-06,894,1975772,35.56
Marketing,Google,gemini-1.5-flash,2024-06,1064,3678566,14.71
Marketing,Cohere,command-r-plus,2024-06,1104,3006259,36.08
Marketing,Cohere,embed-v3,2024-06,1005,2930750,0.29
Sales,OpenAI,gpt-4-turbo,2024-06,1067,2465291,73.96
Sales,OpenAI,gpt-4o,2024-06,1241,2492249,37.38
Sales,OpenAI,text-embedding-ada-002,2024-06,866,2016570,0.2
Sales,Anthropic,claude-3-sonnet,2024-06,1331,2877673,43.17
Sales,Anthropic,claude-3-haiku,2024-06,1665,5334457,16.0
Sales,Google,gemini-1.5-pro,2024-06,1923,5324790,95.85
Sales,Google,gemini-1.5-flash,2024-06,1615,5487173,21.95
Sales,Cohere,command-r-plus,2024-06,1729,3683875,44.21
Sales,Cohere,embed-v3,2024-06,1973,4282904,0.43
Design,OpenAI,gpt-4-turbo,2024-06,297,820052,24.6
Design,OpenAI,gpt-4o,2024-06,401,1098868,16.48
Design,OpenAI,text-embedding-ada-002,2024-06,367,1280545,0.13
Design,Anthropic,claude-3-sonnet,2024-06,382,921421,13.82
Design,Anthropic,claude-3-haiku,2024-06,460,1211061,3.63
Design,Google,gemini-1.5-pro,2024-06,465,1563058,28.14
Design,Google,gemini-1.5-flash,2024-06,554,1613169,6.45
Data,OpenAI,gpt-4-turbo,2024-06,907,2934766,88.04
Data,OpenAI,gpt-4o,2024-06,1303,4211032,63.17
Data,OpenAI,text-embedding-ada-002,2024-06,717,2118449,0.21
Data,Anthropic,claude-3-sonnet,2024-06,1122,2677552,40.16
Data,Anthropic,claude-3-haiku,2024-06,1130,3283433,9.85
Data,Google,gemini-1.5-pro,2024-06,1708,3709317,66.77
Data,Google,gemini-1.5-flash,2024-06,1429,3835942,15.34
Data,Cohere,command-r-plus,2024-06,1415,3086875,37.04
Data,Cohere,embed-v3,2024-06,1461,4568206,0.46
Support,OpenAI,gpt-4-turbo,2024-06,1521,3224930,96.75
Support,OpenAI,gpt-4o,2024-06,1870,6381540,95.72
Support,Anthropic,claude-3-sonnet,2024-06,3383,10209910,153.15
Support,Anthropic,claude-3-haiku,2024-06,2818,8145404,24.44
Support,Google,gemini-1.5-pro,2024-06,2169,6407538,115.34
Support,Google,gemini-1.5-flash,2024-06,3834,11190910,44.76
Support,Cohere,command-r-plus,2024-06,3761,11606293,139.28
Engineering,OpenAI,gpt-4-turbo,2024-07,1287,4316186,129.49
Engineering,OpenAI,gpt-4o,2024-07,1233,3453572,51.8
Engineering,OpenAI,text-embedding-ada-002,2024-07,1308,2638968,0.26
Engineering,Anthropic,claude-3-sonnet,2024-07,4289,10476144,157.14
Engineering,Anthropic,claude-3-haiku,2024-07,4462,12787198,38.36
Engineering,Google,gemini-1.5-pro,2024-07,3268,7138962,128.5
Engineering,Google,gemini-1.5-flash,2024-07,4658,11713710,46.85
Engineering,Cohere,command-r-plus,2024-07,5118,15243642,182.92
Engineering,Cohere,embed-v3,2024-07,5433,16509470,1.65
Marketing,OpenAI,gpt-4-turbo,2024-07,798,2401541,72.05
Marketing,OpenAI,gpt-4o,2024-07,721,1773278,26.6
Marketing,OpenAI,text-embedding-ada-002,2024-07,977,2608227,0.26
Marketing,Anthropic,claude-3-sonnet,2024-07,2652,8575596,128.63
Marketing,Anthropic,claude-3-haiku,2024-07,2732,9220371,27.66
Marketing,Google,gemini-1.5-pro,2024-07,2156,5343215,96.18
Marketing,Google,gemini-1.5-flash,2024-07,2360,6033950,24.14
Marketing,Cohere,command-r-plus,2024-07,2386,7297291,87.57
Marketing,Cohere,embed-v3,2024-07,2504,6414820,0.64
Sales,OpenAI,gpt-4-turbo,2024-07,1000,2645794,79.37
Sales,OpenAI,gpt-4o,2024-07,981,3271777,49.08
Sales,OpenAI,text-embedding-ada-002,2024-07,1134,2530736,0.25
Sales,Anthropic,claude-3-sonnet,2024-07,2414,7166522,107.5
Sales,Anthropic,claude-3-haiku,2024-07,3652,9169829,27.51
Sales,Google,gemini-1.5-pro,2024-07,2507,6554409,117.98
Sales,Google,gemini-1.5-flash,2024-07,2992,9022917,36.09
Sales,Cohere,command-r-plus,2024-07,3589,9140790,109.69
Sales,Cohere,embed-v3,2024-07,2803,9760197,0.98
Design,OpenAI,gpt-4-turbo,2024-07,324,982501,29.48
Design,OpenAI,gpt-4o,2024-07,261,712108,10.68
Design,OpenAI,text-embedding-ada-002,2024-07,238,656447,0.07
Design,Anthropic,claude-3-sonnet,2024-07,1150,2962756,44.44
Design,Anthropic,claude-3-haiku,2024-07,651,1332228,4.0
Design,Google,gemini-1.5-pro,2024-07,839,1879391,33.83
Design,Google,gemini-1.5-flash,2024-07,642,2012233,8.05
Data,OpenAI,gpt-4-turbo,2024-07,1015,2470375,74.11
Data,OpenAI,gpt-4o,2024-07,1291,2806903,42.1
Data,OpenAI,text-embedding-ada-002,2024-07,1326,3276479,0.33
Data,Anthropic,claude-3-sonnet,2024-07,3467,10069604,151.04
Data,Anthropic,claude-3-haiku,2024-07,3363,11689854,35.07
Data,Google,gemini-1.5-pro,2024-07,2455,8449381,152.09
Data,Google,gemini-1.5-flash,2024-07,2626,6770531,27.08
Data,Cohere,command-r-plus,2024-07,2543,7151199,85.81
Data,Cohere,embed-v3,2024-07,2228,6306503,0.63
Support,OpenAI,gpt-4-turbo,2024-07,2135,6709990,201.3
Support,OpenAI,gpt-4o,2024-07,2500,6651655,99.77
Support,Anthropic,claude-3-sonnet,2024-07,4957,11842284,177.63
Support,Anthropic,claude-3-haiku,2024-07,4594,9585249,28.76
Support,Google,gemini-1.5-pro,2024-07,5093,12250557,220.51
Support,Google,gemini-1.5-flash,2024-07,7199,20420418,81.68
Support,Cohere,command-r-plus,2024-07,5109,14666413,176.0
Engineering,OpenAI,gpt-4-turbo,2024-08,1327,3537869,106.14
Engineering,OpenAI,gpt-4o,2024-08,1822,4980157,74.7
Engineering,OpenAI,text-embedding-ada-002,2024-08,1594,5564291,0.56
Engineering,Anthropic,claude-3-sonnet,2024-08,5618,16489442,247.34
Engineering,Anthropic,claude-3-haiku,2024-08,4765,13966170,41.9
Engineering,Google,gemini-1.5-pro,2024-08,3755,9735613,175.24
Engineering,Google,gemini-1.5-flash,2024-08,3310,8981086,35.92
Engineering,Cohere,command-r-plus,2024-08,4693,10989244,131.87
Engineering,Cohere,embed-v3,2024-08,5848,19673735,1.97
Marketing,OpenAI,gpt-4-turbo,2024-08,960,2688076,80.64
Marketing,OpenAI,gpt-4o,2024-08,1035,2272837,34.09
Marketing,OpenAI,text-embedding-ada-002,2024-08,994,2174107,0.22
Marketing,Anthropic,claude-3-sonnet,2024-08,2691,6495135,97.43
Marketing,Anthropic,claude-3-haiku,2024-08,2805,9582057,28.75
Marketing,Google,gemini-1.5-pro,2024-08,1805,4862694,87.53
Marketing,Google,gemini-1.5-flash,2024-08,2947,8030902,32.12
Marketing,Cohere,command-r-plus,2024-08,2786,8032309,96.39
Marketing,Cohere,embed-v3,2024-08,2116,5139077,0.51
Sales,OpenAI,gpt-4-turbo,2024-08,1044,3280975,98.43
Sales,OpenAI,gpt-4o,2024-08,1184,3276025,49.14
Sales,OpenAI,text-embedding-ada-002,2024-08,1264,3622521,0.36
Sales,Anthropic,claude-3-sonnet,2024-08,4183,14519649,217.79
Sales,Anthropic,claude-3-haiku,2024-08,3240,10501741,31.51
Sales,Google,gemini-1.5-pro,2024-08,3975,11369666,204.65
Sales,Google,gemini-1.5-flash,2024-08,4370,10054110,40.22
Sales,Cohere,command-r-plus,2024-08,2626,8615756,103.39
Sales,Cohere,embed-v3,2024-08,3305,10808848,1.08
Design,OpenAI,gpt-4-turbo,2024-08,418,875160,26.25
Design,OpenAI,gpt-4o,2024-08,416,1111751,16.68
Design,OpenAI,text-embedding-ada-002,2024-08,341,1002502,0.1
Design,Anthropic,claude-3-sonnet,2024-08,1149,2330946,34.96
Design,Anthropic,claude-3-haiku,2024-08,902,2734487,8.2
Design,Google,gemini-1.5-pro,2024-08,1037,3151234,56.72
Design,Google,gemini-1.5-flash,2024-08,714,1748652,6.99
Data,OpenAI,gpt-4-turbo,2024-08,969,3107249,93.22
Data,OpenAI,gpt-4o,2024-08,918,2126140,31.89
Data,OpenAI,text-embedding-ada-002,2024-08,1349,2715934,0.27
Data,Anthropic,claude-3-sonnet,2024-08,3713,11195556,167.93
Data,Anthropic,claude-3-haiku,2024-08,3422,8356281,25.07
Data,Google,gemini-1.5-pro,2024-08,2026,6294385,113.3
Data,Google,gemini-1.5-flash,2024-08,3432,10675971,42.7
Data,Cohere,command-r-plus,2024-08,2246,7030298,84.36
Data,Cohere,embed-v3,2024-08,3320,9919531,0.99
Support,OpenAI,gpt-4-turbo,2024-08,2456,8028374,240.85
Support,OpenAI,gpt-4o,2024-08,2262,4824635,72.37
Support,Anthropic,claude-3-sonnet,2024-08,5676,12013106,180.2
Support,Anthropic,claude-3-haiku,2024-08,5401,14100173,42.3
Support,Google,gemini-1.5-pro,2024-08,4229,10670743,192.07
Support,Google,gemini-1.5-flash,2024-08,4383,14079742,56.32
Support,Cohere,command-r-plus,2024-08,7254,15294875,183.54
Engineering,OpenAI,gpt-4-turbo,2024-09,2192,6102231,183.07
Engineering,OpenAI,gpt-4o,2024-09,1515,3204669,48.07
Engineering,OpenAI,text-embedding-ada-002,2024-09,1722,5496233,0.55
Engineering,Anthropic,claude-3-sonnet,2024-09,5227,10847797,162.72
Engineering,Anthropic,claude-3-haiku,2024-09,3458,9005703,27.02
Engineering,Google,gemini-1.5-pro,2024-09,4078,9577494,172.39
Engineering,Google,gemini-1.5-flash,2024-09,4039,12945900,51.78
Engineering,Cohere,command-r-plus,2024-09,5847,15246953,182.96
Engineering,Cohere,embed-v3,2024-09,5783,14354814,1.44
Marketing,OpenAI,gpt-4-turbo,2024-09,848,1983508,59.51
Marketing,OpenAI,gpt-4o,2024-09,933,3236084,48.54
Marketing,OpenAI,text-embedding-ada-002,2024-09,914,2318563,0.23
Marketing,Anthropic,claude-3-sonnet,2024-09,2531,5528668,82.93
Marketing,Anthropic,claude-3-haiku,2024-09,2867,7897512,23.69
Marketing,Google,gemini-1.5-pro,2024-09,2254,6488808,116.8
Marketing,Google,gemini-1.5-flash,2024-09,2499,5267051,21.07
Marketing,Cohere,command-r-plus,2024-09,2579,6093912,73.13
Marketing,Cohere,embed-v3,2024-09,2623,8482263,0.85
Sales,OpenAI,gpt-4-turbo,2024-09,1527,4319503,129.59
Sales,OpenAI,gpt-4o,2024-09,1307,2894108,43.41
Sales,OpenAI,text-embedding-ada-002,2024-09,1505,3622706,0.36
Sales,Anthropic,claude-3-sonnet,2024-09,3480,8443910,126.66
Sales,Anthropic,claude-3-haiku,2024-09,2721,8011539,24.03
Sales,Google,gemini-1.5-pro,2024-09,2554,7976059,143.57
Sales,Google,gemini-1.5-flash,2024-09,3105,6210627,24.84
Sales,Cohere,command-r-plus,2024-09,3510,7266675,87.2
Sales,Cohere,embed-v3,2024-09,3019,9239543,0.92
Design,OpenAI,gpt-4-turbo,2024-09,254,827787,24.83
Design,OpenAI,gpt-4o,2024-09,241,571226,8.57
Design,OpenAI,text-embedding-ada-002,2024-09,394,974915,0.1
Design,Anthropic,claude-3-sonnet,2024-09,707,1796028,26.94
Design,Anthropic,claude-3-haiku,2024-09,801,2614518,7.84
Design,Google,gemini-1.5-pro,2024-09,825,2626303,47.27
Design,Google,gemini-1.5-flash,2024-09,1148,3043033,12.17
Data,OpenAI,gpt-4-turbo,2024-09,1341,3440975,103.23
Data,OpenAI,gpt-4o,2024-09,1376,2936293,44.04
Data,OpenAI,text-embedding-ada-002,2024-09,1197,3280643,0.33
Data,Anthropic,claude-3-sonnet,2024-09,2710,7991973,119.88
Data,Anthropic,claude-3-haiku,2024-09,3261,6543342,19.63
Data,Google,gemini-1.5-pro,2024-09,2325,7136748,128.46
Data,Google,gemini-1.5-flash,2024-09,3196,11023231,44.09
Data,Cohere,command-r-plus,2024-09,3361,11515320,138.18
Data,Cohere,embed-v3,2024-09,3259,7975028,0.8
Support,OpenAI,gpt-4-turbo,2024-09,1643,5212804,156.38
Support,OpenAI,gpt-4o,2024-09,2338,4844988,72.67
Support,Anthropic,claude-3-sonnet,2024-09,5324,18289003,274.34
Support,Anthropic,claude-3-haiku,2024-09,5813,15399181,46.2
Support,Google,gemini-1.5-pro,2024-09,5664,13102667,235.85
Support,Google,gemini-1.5-flash,2024-09,5354,13677970,54.71
Support,Cohere,command-r-plus,2024-09,4251,13396394,160.76
Engineering,OpenAI,gpt-4-turbo,2024-10,1662,5373694,161.21
Engineering,OpenAI,gpt-4o,2024-10,2117,4907187,73.61
Engineering,OpenAI,text-embedding-ada-002,2024-10,1915,5186629,0.52
Engineering,Anthropic,claude-3-sonnet,2024-10,5802,13481591,202.22
Engineering,Anthropic,claude-3-haiku,2024-10,5229,15224903,45.67
Engineering,Google,gemini-1.5-pro,2024-10,414,912829,16.43
Engineering,Google,gemini-1.5-flash,2024-10,515,1600566,6.4
Engineering,Cohere,command-r-plus,2024-10,420,1246244,14.95
Engineering,Cohere,embed-v3,2024-10,442,1356856,0.14
Marketing,OpenAI,gpt-4-turbo,2024-10,717,2391426,71.74
Marketing,OpenAI,gpt-4o,2024-10,763,1946931,29.2
Marketing,OpenAI,text-embedding-ada-002,2024-10,642,1391386,0.14
Marketing,Anthropic,claude-3-sonnet,2024-10,2384,5724911,85.87
Marketing,Anthropic,claude-3-haiku,2024-10,2838,5738549,17.22
Marketing,Google,gemini-1.5-pro,2024-10,219,548818,9.88
Marketing,Google,gemini-1.5-flash,2024-10,168,367340,1.47
Marketing,Cohere,command-r-plus,2024-10,224,613602,7.36
Marketing,Cohere,embed-v3,2024-10,222,620802,0.06
Sales,OpenAI,gpt-4-turbo,2024-10,1387,2794646,83.84
Sales,OpenAI,gpt-4o,2024-10,1284,4423699,66.36
Sales,OpenAI,text-embedding-ada-002,2024-10,1327,4002647,0.4
Sales,Anthropic,claude-3-sonnet,2024-10,3143,9934982,149.02
Sales,Anthropic,claude-3-haiku,2024-10,4124,11472737,34.42
Sales,Google,gemini-1.5-pro,2024-10,455,995688,17.92
Sales,Google,gemini-1.5-flash,2024-10,251,791964,3.17
Sales,Cohere,command-r-plus,2024-10,419,913550,10.96
Sales,Cohere,embed-v3,2024-10,304,616003,0.06
Design,OpenAI,gpt-4-turbo,2024-10,306,966872,29.01
Design,OpenAI,gpt-4o,2024-10,353,890316,13.35
Design,OpenAI,text-embedding-ada-002,2024-10,323,646655,0.06
Design,Anthropic,claude-3-sonnet,2024-10,831,2467810,37.02
Design,Anthropic,claude-3-haiku,2024-10,1213,3967227,11.9
Design,Google,gemini-1.5-pro,2024-10,67,224305,4.04
Design,Google,gemini-1.5-flash,2024-10,110,348762,1.4
Data,OpenAI,gpt-4-turbo,2024-10,1066,2768410,83.05
Data,OpenAI,gpt-4o,2024-10,964,2022994,30.34
Data,OpenAI,text-embedding-ada-002,2024-10,915,2168463,0.22
Data,Anthropic,claude-3-sonnet,2024-10,2924,9126291,136.89
Data,Anthropic,claude-3-haiku,2024-10,2906,6064143,18.19
Data,Google,gemini-1.5-pro,2024-10,376,1283696,23.11
Data,Google,gemini-1.5-flash,2024-10,345,1203012,4.81
Data,Cohere,command-r-plus,2024-10,303,1043578,12.52
Data,Cohere,embed-v3,2024-10,220,560674,0.06
Support,OpenAI,gpt-4-turbo,2024-10,1827,4190680,125.72
Support,OpenAI,gpt-4o,2024-10,1716,5034092,75.51
Support,Anthropic,claude-3-sonnet,2024-10,6903,19793990,296.91
Support,Anthropic,claude-3-haiku,2024-10,4655,14973671,44.92
Support,Google,gemini-1.5-pro,2024-10,638,1647474,29.65
Support,Google,gemini-1.5-flash,2024-10,652,1558187,6.23
Support,Cohere,command-r-plus,2024-10,535,1806282,21.68
Engineering,OpenAI,gpt-4-turbo,2024-11,1554,4203542,126.11
Engineering,OpenAI,gpt-4o,2024-11,2193,6714049,100.71
Engineering,OpenAI,text-embedding-ada-002,2024-11,1310,2909450,0.29
Engineering,Anthropic,claude-3-sonnet,2024-11,3382,9964666,149.47
Engineering,Anthropic,claude-3-haiku,2024-11,4649,10234365,30.7
Engineering,Google,gemini-1.5-pro,2024-11,611,1707433,30.73
Engineering,Google,gemini-1.5-flash,2024-11,405,1114116,4.46
Engineering,Cohere,command-r-plus,2024-11,531,1122724,13.47
Engineering,Cohere,embed-v3,2024-11,415,1332336,0.13
Marketing,OpenAI,gpt-4-turbo,2024-11,867,2444823,73.34
Marketing,OpenAI,gpt-4o,2024-11,853,1762169,26.43
Marketing,OpenAI,text-embedding-ada-002,2024-11,710,1894501,0.19
Marketing,Anthropic,claude-3-sonnet,2024-11,1981,4110512,61.66
Marketing,Anthropic,claude-3-haiku,2024-11,2894,10047356,30.14
Marketing,Google,gemini-1.5-pro,2024-11,282,925151,16.65
Marketing,Google,gemini-1.5-flash,2024-11,202,695069,2.78
Marketing,Cohere,command-r-plus,2024-11,196,671720,8.06
Marketing,Cohere,embed-v3,2024-11,311,954018,0.1
Sales,OpenAI,gpt-4-turbo,2024-11,1718,4903704,147.11
Sales,OpenAI,gpt-4o,2024-11,1140,3027262,45.41
Sales,OpenAI,text-embedding-ada-002,2024-11,1408,2970348,0.3
Sales,Anthropic,claude-3-sonnet,2024-11,3864,13414906,201.22
Sales,Anthropic,claude-3-haiku,2024-11,2930,9343455,28.03
Sales,Google,gemini-1.5-pro,2024-11,448,1530167,27.54
Sales,Google,gemini-1.5-flash,2024-11,459,1277024,5.11
Sales,Cohere,command-r-plus,2024-11,463,1451951,17.42
Sales,Cohere,embed-v3,2024-11,286,776590,0.08
Design,OpenAI,gpt-4-turbo,2024-11,402,953146,28.59
Design,OpenAI,gpt-4o,2024-11,385,1154961,17.32
Design,OpenAI,text-embedding-ada-002,2024-11,283,805878,0.08
Design,Anthropic,claude-3-sonnet,2024-11,1116,3067151,46.01
Design,Anthropic,claude-3-haiku,2024-11,678,1365192,4.1
Design,Google,gemini-1.5-pro,2024-11,87,294868,5.31
Design,Google,gemini-1.5-flash,2024-11,80,236123,0.94
Data,OpenAI,gpt-4-turbo,2024-11,925,2296317,68.89
Data,OpenAI,gpt-4o,2024-11,1343,4154291,62.31
Data,OpenAI,text-embedding-ada-002,2024-11,841,2222807,0.22
Data,Anthropic,claude-3-sonnet,2024-11,2152,5856313,87.84
Data,Anthropic,claude-3-haiku,2024-11,3292,7169165,21.51
Data,Google,gemini-1.5-pro,2024-11,261,677753,12.2
Data,Google,gemini-1.5-flash,2024-11,375,1308705,5.23
Data,Cohere,command-r-plus,2024-11,218,684849,8.22
Data,Cohere,embed-v3,2024-11,276,714477,0.07
Support,OpenAI,gpt-4-turbo,2024-11,2561,8650135,259.5
Support,OpenAI,gpt-4o,2024-11,2823,8089825,121.35
Support,Anthropic,claude-3-sonnet,2024-11,5485,17449560,261.74
Support,Anthropic,claude-3-haiku,2024-11,5103,14523704,43.57
Support,Google,gemini-1.5-pro,2024-11,549,1638735,29.5
Support,Google,gemini-1.5-flash,2024-11,506,1157419,4.63
Support,Cohere,command-r-plus,2024-11,750,1614529,19.37
Engineering,OpenAI,gpt-4-turbo,2024-12,1812,4224277,126.73
Engineering,OpenAI,gpt-4o,2024-12,1306,2682560,40.24
Engineering,OpenAI,text-embedding-ada-002,2024-12,1453,4795125,0.48
Engineering,Anthropic,claude-3-sonnet,2024-12,4238,14518068,217.77
Engineering,Anthropic,claude-3-haiku,2024-12,5113,13574612,40.72
Engineering,Google,gemini-1.5-pro,2024-12,510,1415274,25.47
Engineering,Google,gemini-1.5-flash,2024-12,563,1364567,5.46
Engineering,Cohere,command-r-plus,2024-12,444,1483466,17.8
Engineering,Cohere,embed-v3,2024-12,618,2063401,0.21
Marketing,OpenAI,gpt-4-turbo,2024-12,859,2723500,81.7
Marketing,OpenAI,gpt-4o,2024-12,889,2441469,36.62
Marketing,OpenAI,text-embedding-ada-002,2024-12,742,2141928,0.21
Marketing,Anthropic,claude-3-sonnet,2024-12,1978,4939752,74.1
Marketing,Anthropic,claude-3-haiku,2024-12,2956,6830174,20.49
Marketing,Google,gemini-1.5-pro,2024-12,181,380735,6.85
Marketing,Google,gemini-1.5-flash,2024-12,308,850197,3.4
Marketing,Cohere,command-r-plus,2024-12,230,739753,8.88
Marketing,Cohere,embed-v3,2024-12,292,729499,0.07
Sales,OpenAI,gpt-4-turbo,2024-12,1511,4769749,143.09
Sales,OpenAI,gpt-4o,2024-12,1479,3294313,49.41
Sales,OpenAI,text-embedding-ada-002,2024-12,1659,4659536,0.47
Sales,Anthropic,claude-3-sonnet,2024-12,3179,8385700,125.79
Sales,Anthropic,claude-3-haiku,2024-12,2641,5788544,17.37
Sales,Google,gemini-1.5-pro,2024-12,423,846007,15.23
Sales,Google,gemini-1.5-flash,2024-12,347,965966,3.86
Sales,Cohere,command-r-plus,2024-12,267,923717,11.08
Sales,Cohere,embed-v3,2024-12,305,749170,0.07
Design,OpenAI,gpt-4-turbo,2024-12,318,745908,22.38
Design,OpenAI,gpt-4o,2024-12,253,782786,11.74
Design,OpenAI,text-embedding-ada-002,2024-12,462,1079435,0.11
Design,Anthropic,claude-3-sonnet,2024-12,1070,3330743,49.96
Design,Anthropic,claude-3-haiku,2024-12,1178,3102785,9.31
Design,Google,gemini-1.5-pro,2024-12,85,211475,3.81
Design,Google,gemini-1.5-flash,2024-12,109,351543,1.41
Data,OpenAI,gpt-4-turbo,2024-12,912,2331447,69.94
Data,OpenAI,gpt-4o,2024-12,1400,4494056,67.41
Data,OpenAI,text-embedding-ada-002,2024-12,1456,4559278,0.46
Data,Anthropic,claude-3-sonnet,2024-12,2851,8227862,123.42
Data,Anthropic,claude-3-haiku,2024-12,3341,7075181,21.23
Data,Google,gemini-1.5-pro,2024-12,312,955962,17.21
Data,Google,gemini-1.5-flash,2024-12,243,770540,3.08
Data,Cohere,command-r-plus,2024-12,320,1097066,13.16
Data,Cohere,embed-v3,2024-12,221,529955,0.05
Support,OpenAI,gpt-4-turbo,2024-12,2394,5852946,175.59
Support,OpenAI,gpt-4o,2024-12,2547,7993779,119.91
Support,Anthropic,claude-3-sonnet,2024-12,4640,12856427,192.85
Support,Anthropic,claude-3-haiku,2024-12,6126,15645320,46.94
Support,Google,gemini-1.5-pro,2024-12,767,2486046,44.75
Support,Google,gemini-1.5-flash,2024-12,681,2091684,8.37
Support,Cohere,command-r-plus,2024-12,595,2011987,24.14
Engineering,OpenAI,gpt-4-turbo,2025-01,2047,6332336,189.97
Engineering,OpenAI,gpt-4o,2025-01,2231,5379180,80.69
Engineering,OpenAI,text-embedding-ada-002,2025-01,2171,4977801,0.5
Engineering,Anthropic,claude-3-sonnet,2025-01,4490,11240336,168.61
Engineering,Anthropic,claude-3-haiku,2025-01,6371,20927497,62.78
Engineering,Google,gemini-1.5-pro,2025-01,554,1712184,30.82
Engineering,Google,gemini-1.5-flash,2025-01,513,1754786,7.02
Engineering,Cohere,command-r-plus,2025-01,493,1267392,15.21
Engineering,Cohere,embed-v3,2025-01,394,1252647,0.13
Marketing,OpenAI,gpt-4-turbo,2025-01,1045,2692476,80.77
Marketing,OpenAI,gpt-4o,2025-01,655,2134314,32.01
Marketing,OpenAI,text-embedding-ada-002,2025-01,647,1976940,0.2
Marketing,Anthropic,claude-3-sonnet,2025-01,3173,8429049,126.44
Marketing,Anthropic,claude-3-haiku,2025-01,2081,6362254,19.09
Marketing,Google,gemini-1.5-pro,2025-01,294,828975,14.92
Marketing,Google,gemini-1.5-flash,2025-01,316,656490,2.63
Marketing,Cohere,command-r-plus,2025-01,248,763264,9.16
Marketing,Cohere,embed-v3,2025-01,301,682933,0.07
Sales,OpenAI,gpt-4-turbo,2025-01,1622,4588736,137.66
Sales,OpenAI,gpt-4o,2025-01,1289,2832671,42.49
Sales,OpenAI,text-embedding-ada-002,2025-01,1676,3747384,0.37
Sales,Anthropic,claude-3-sonnet,2025-01,3288,8006504,120.1
Sales,Anthropic,claude-3-haiku,2025-01,4539,13658098,40.97
Sales,Google,gemini-1.5-pro,2025-01,437,1038181,18.69
Sales,Google,gemini-1.5-flash,2025-01,399,1140189,4.56
Sales,Cohere,command-r-plus,2025-01,445,1494813,17.94
Sales,Cohere,embed-v3,2025-01,262,788889,0.08
Design,OpenAI,gpt-4-turbo,2025-01,268,756641,22.7
Design,OpenAI,gpt-4o,2025-01,319,784792,11.77
Design,OpenAI,text-embedding-ada-002,2025-01,334,979267,0.1
Design,Anthropic,claude-3-sonnet,2025-01,891,2761252,41.42
Design,Anthropic,claude-3-haiku,2025-01,933,1961660,5.88
Design,Google,gemini-1.5-pro,2025-01,115,279293,5.03
Design,Google,gemini-1.5-flash,2025-01,95,287675,1.15
Data,OpenAI,gpt-4-turbo,2025-01,1030,2147424,64.42
Data,OpenAI,gpt-4o,2025-01,1059,3618256,54.27
Data,OpenAI,text-embedding-ada-002,2025-01,1243,3737972,0.37
Data,Anthropic,claude-3-sonnet,2025-01,3339,7674652,115.12
Data,Anthropic,claude-3-haiku,2025-01,2942,9197897,27.59
Data,Google,gemini-1.5-pro,2025-01,235,567943,10.22
Data,Google,gemini-1.5-flash,2025-01,267,707023,2.83
Data,Cohere,command-r-plus,2025-01,398,836299,10.04
Data,Cohere,embed-v3,2025-01,312,707942,0.07
Support,OpenAI,gpt-4-turbo,2025-01,2938,6375328,191.26
Support,OpenAI,gpt-4o,2025-01,2159,6707640,100.61
Support,Anthropic,claude-3-sonnet,2025-01,6946,18296409,274.45
Support,Anthropic,claude-3-haiku,2025-01,5617,14584083,43.75
Support,Google,gemini-1.5-pro,2025-01,531,1225547,22.06
Support,Google,gemini-1.5-flash,2025-01,612,1470513,5.88
Support,Cohere,command-r-plus,2025-01,539,1608987,19.31
Engineering,OpenAI,gpt-4-turbo,2025-02,2384,6926606,207.8
Engineering,OpenAI,gpt-4o,2025-02,1388,2933365,44.0
Engineering,OpenAI,text-embedding-ada-002,2025-02,2365,5784639,0.58
Engineering,Anthropic,claude-3-sonnet,2025-02,3795,11000061,165.0
Engineering,Anthropic,claude-3-haiku,2025-02,5397,16043970,48.13
Engineering,Google,gemini-1.5-pro,2025-02,432,873791,15.73
Engineering,Google,gemini-1.5-flash,2025-02,642,1525610,6.1
Engineering,Cohere,command-r-plus,2025-02,555,1698269,20.38
Engineering,Cohere,embed-v3,2025-02,535,1321108,0.13
Marketing,OpenAI,gpt-4-turbo,2025-02,802,2322994,69.69
Marketing,OpenAI,gpt-4o,2025-02,1134,3878394,58.18
Marketing,OpenAI,text-embedding-ada-002,2025-02,710,1584892,0.16
Marketing,Anthropic,claude-3-sonnet,2025-02,3182,9879482,148.19
Marketing,Anthropic,claude-3-haiku,2025-02,3089,7116898,21.35
Marketing,Google,gemini-1.5-pro,2025-02,264,805651,14.5
Marketing,Google,gemini-1.5-flash,2025-02,278,726199,2.9
Marketing,Cohere,command-r-plus,2025-02,178,511641,6.14
Marketing,Cohere,embed-v3,2025-02,214,572531,0.06
Sales,OpenAI,gpt-4-turbo,2025-02,1779,4622825,138.68
Sales,OpenAI,gpt-4o,2025-02,1680,3835122,57.53
Sales,OpenAI,text-embedding-ada-002,2025-02,1540,5336886,0.53
Sales,Anthropic,claude-3-sonnet,2025-02,2868,5771792,86.58
Sales,Anthropic,claude-3-haiku,2025-02,3618,7738678,23.22
Sales,Google,gemini-1.5-pro,2025-02,433,1459999,26.28
Sales,Google,gemini-1.5-flash,2025-02,361,862092,3.45
Sales,Cohere,command-r-plus,2025-02,362,1116832,13.4
Sales,Cohere,embed-v3,2025-02,265,764307,0.08
Design,OpenAI,gpt-4-turbo,2025-02,397,1173743,35.21
Design,OpenAI,gpt-4o,2025-02,314,964318,14.46
Design,OpenAI,text-embedding-ada-002,2025-02,280,643693,0.06
Design,Anthropic,claude-3-sonnet,2025-02,1232,3829160,57.44
Design,Anthropic,claude-3-haiku,2025-02,711,1686893,5.06
Design,Google,gemini-1.5-pro,2025-02,83,199715,3.59
Design,Google,gemini-1.5-flash,2025-02,85,177972,0.71
Data,OpenAI,gpt-4-turbo,2025-02,1134,3514379,105.43
Data,OpenAI,gpt-4o,2025-02,1237,3722513,55.84
Data,OpenAI,text-embedding-ada-002,2025-02,870,2981695,0.3
Data,Anthropic,claude-3-sonnet,2025-02,3778,12118446,181.78
Data,Anthropic,claude-3-haiku,2025-02,3749,12743097,38.23
Data,Google,gemini-1.5-pro,2025-02,322,740736,13.33
Data,Google,gemini-1.5-flash,2025-02,336,1046412,4.19
Data,Cohere,command-r-plus,2025-02,358,996018,11.95
Data,Cohere,embed-v3,2025-02,232,593147,0.06
Support,OpenAI,gpt-4-turbo,2025-02,2913,8379749,251.39
Support,OpenAI,gpt-4o,2025-02,2379,5717403,85.76
Support,Anthropic,claude-3-sonnet,2025-02,5785,19339365,290.09
Support,Anthropic,claude-3-haiku,2025-02,6908,21974904,65.92
Support,Google,gemini-1.5-pro,2025-02,610,1796676,32.34
Support,Google,gemini-1.5-flash,2025-02,533,1630015,6.52
Support,Cohere,command-r-plus,2025-02,600,1598290,19.18
Engineering,OpenAI,gpt-4-turbo,2025-03,2058,7006298,210.19
Engineering,OpenAI,gpt-4o,2025-03,1394,4512538,67.69
Engineering,OpenAI,text-embedding-ada-002,2025-03,1653,4406698,0.44
Engineering,Anthropic,claude-3-sonnet,2025-03,3637,8916356,133.75
Engineering,Anthropic,claude-3-haiku,2025-03,5108,10646421,31.94
Engineering,Google,gemini-1.5-pro,2025-03,507,1719067,30.94
Engineering,Google,gemini-1.5-flash,2025-03,389,1224051,4.9
Engineering,Cohere,command-r-plus,2025-03,482,1437690,17.25
Engineering,Cohere,embed-v3,2025-03,436,976307,0.1
Marketing,OpenAI,gpt-4-turbo,2025-03,752,1583514,47.51
Marketing,OpenAI,gpt-4o,2025-03,766,2295188,34.43
Marketing,OpenAI,text-embedding-ada-002,2025-03,1160,3736578,0.37
Marketing,Anthropic,claude-3-sonnet,2025-03,2833,6135280,92.03
Marketing,Anthropic,claude-3-haiku,2025-03,2227,5488909,16.47
Marketing,Google,gemini-1.5-pro,2025-03,216,598861,10.78
Marketing,Google,gemini-1.5-flash,2025-03,260,659185,2.64
Marketing,Cohere,command-r-plus,2025-03,232,752337,9.03
Marketing,Cohere,embed-v3,2025-03,299,736046,0.07
Sales,OpenAI,gpt-4-turbo,2025-03,1768,6062865,181.89
Sales,OpenAI,gpt-4o,2025-03,1269,3212647,48.19
Sales,OpenAI,text-embedding-ada-002,2025-03,1421,4847999,0.48
Sales,Anthropic,claude-3-sonnet,2025-03,4688,10097257,151.46
Sales,Anthropic,claude-3-haiku,2025-03,3578,10125943,30.38
Sales,Google,gemini-1.5-pro,2025-03,383,877374,15.79
Sales,Google,gemini-1.5-flash,2025-03,464,1399150,5.6
Sales,Cohere,command-r-plus,2025-03,460,1512547,18.15
Sales,Cohere,embed-v3,2025-03,439,1167220,0.12
Design,OpenAI,gpt-4-turbo,2025-03,402,900700,27.02
Design,OpenAI,gpt-4o,2025-03,417,946122,14.19
Design,OpenAI,text-embedding-ada-002,2025-03,421,986991,0.1
Design,Anthropic,claude-3-sonnet,2025-03,785,1764622,26.47
Design,Anthropic,claude-3-haiku,2025-03,715,2200848,6.6
Design,Google,gemini-1.5-pro,2025-03,116,321598,5.79
Design,Google,gemini-1.5-flash,2025-03,81,172151,0.69
Data,OpenAI,gpt-4-turbo,2025-03,839,1886594,56.6
Data,OpenAI,gpt-4o,2025-03,1457,3441878,51.63
Data,OpenAI,text-embedding-ada-002,2025-03,1077,2324185,0.23
Data,Anthropic,claude-3-sonnet,2025-03,2656,7380590,110.71
Data,Anthropic,claude-3-haiku,2025-03,3393,8034720,24.1
Data,Google,gemini-1.5-pro,2025-03,234,605252,10.89
Data,Google,gemini-1.5-flash,2025-03,267,621931,2.49
Data,Cohere,command-r-plus,2025-03,406,1187326,14.25
Data,Cohere,embed-v3,2025-03,329,863185,0.09
Support,OpenAI,gpt-4-turbo,2025-03,2260,6353667,190.61
Support,OpenAI,gpt-4o,2025-03,2639,8057445,120.86
Support,Anthropic,claude-3-sonnet,2025-03,5119,14078115,211.17
Support,Anthropic,claude-3-haiku,2025-03,6038,19960362,59.88
Support,Google,gemini-1.5-pro,2025-03,687,1922745,34.61
Support,Google,gemini-1.5-flash,2025-03,490,1425143,5.7
Support,Cohere,command-r-plus,2025-03,491,1230352,14.76
Engineering,OpenAI,gpt-4-turbo,2025-04,1505,4572356,137.17
Engineering,OpenAI,gpt-4o,2025-04,1578,4083531,61.25
Engineering,OpenAI,text-embedding-ada-002,2025-04,2371,5468651,0.55
Engineering,Anthropic,claude-3-sonnet,2025-04,5199,13667690,205.02
Engineering,Anthropic,claude-3-haiku,2025-04,3678,11729646,35.19
Engineering,Google,gemini-1.5-pro,2025-04,383,1038459,18.69
Engineering,Google,gemini-1.5-flash,2025-04,536,1577254,6.31
Engineering,Cohere,command-r-plus,2025-04,576,1370827,16.45
Engineering,Cohere,embed-v3,2025-04,365,1126085,0.11
Marketing,OpenAI,gpt-4-turbo,2025-04,978,3182584,95.48
Marketing,OpenAI,gpt-4o,2025-04,1143,3731882,55.98
Marketing,OpenAI,text-embedding-ada-002,2025-04,949,2372920,0.24
Marketing,Anthropic,claude-3-sonnet,2025-04,3040,8137901,122.07
Marketing,Anthropic,claude-3-haiku,2025-04,2096,6880038,20.64
Marketing,Google,gemini-1.5-pro,2025-04,318,858429,15.45
Marketing,Google,gemini-1.5-flash,2025-04,192,495693,1.98
Marketing,Cohere,command-r-plus,2025-04,305,1022561,12.27
Marketing,Cohere,embed-v3,2025-04,212,445297,0.04
Sales,OpenAI,gpt-4-turbo,2025-04,1762,4553197,136.6
Sales,OpenAI,gpt-4o,2025-04,1473,5084941,76.27
Sales,OpenAI,text-embedding-ada-002,2025-04,1063,3159743,0.32
Sales,Anthropic,claude-3-sonnet,2025-04,2889,7405094,111.08
Sales,Anthropic,claude-3-haiku,2025-04,4588,12159155,36.48
Sales,Google,gemini-1.5-pro,2025-04,503,1427810,25.7
Sales,Google,gemini-1.5-flash,2025-04,346,806237,3.22
Sales,Cohere,command-r-plus,2025-04,353,903256,10.84
Sales,Cohere,embed-v3,2025-04,287,733101,0.07
Design,OpenAI,gpt-4-turbo,2025-04,375,1156539,34.7
Design,OpenAI,gpt-4o,2025-04,419,1283459,19.25
Design,OpenAI,text-embedding-ada-002,2025-04,270,628155,0.06
Design,Anthropic,claude-3-sonnet,2025-04,1135,3093991,46.41
Design,Anthropic,claude-3-haiku,2025-04,727,2331301,6.99
Design,Google,gemini-1.5-pro,2025-04,120,338715,6.1
Design,Google,gemini-1.5-flash,2025-04,76,239382,0.96
Data,OpenAI,gpt-4-turbo,2025-04,1258,3991558,119.75
Data,OpenAI,gpt-4o,2025-04,1378,4415805,66.24
Data,OpenAI,text-embedding-ada-002,2025-04,1210,2674689,0.27
Data,Anthropic,claude-3-sonnet,2025-04,3566,10450914,156.76
Data,Anthropic,claude-3-haiku,2025-04,3704,8351858,25.06
Data,Google,gemini-1.5-pro,2025-04,264,880602,15.85
Data,Google,gemini-1.5-flash,2025-04,371,1247429,4.99
Data,Cohere,command-r-plus,2025-04,373,1080108,12.96
Data,Cohere,embed-v3,2025-04,353,1176793,0.12
Support,OpenAI,gpt-4-turbo,2025-04,2509,7398004,221.94
Support,OpenAI,gpt-4o,2025-04,1902,5156097,77.34
Support,Anthropic,claude-3-sonnet,2025-04,7308,17586073,263.79
Support,Anthropic,claude-3-haiku,2025-04,5313,13127042,39.38
Support,Google,gemini-1.5-pro,2025-04,546,1268013,22.82
Support,Google,gemini-1.5-flash,2025-04,617,2074204,8.3
Support,Cohere,command-r-plus,2025-04,649,1480940,17.77
Engineering,OpenAI,gpt-4-turbo,2025-05,1450,4414139,132.42
Engineering,OpenAI,gpt-4o,2025-05,1807,5841572,87.62
Engineering,OpenAI,text-embedding-ada-002,2025-05,2130,6803991,0.68
Engineering,Anthropic,claude-3-sonnet,2025-05,4531,13767617,206.51
Engineering,Anthropic,claude-3-haiku,2025-05,4506,15359163,46.08
Engineering,Google,gemini-1.5-pro,2025-05,567,1409997,25.38
Engineering,Google,gemini-1.5-flash,2025-05,452,1033448,4.13
Engineering,Cohere,command-r-plus,2025-05,586,1364251,16.37
Engineering,Cohere,embed-v3,2025-05,555,1330308,0.13
Marketing,OpenAI,gpt-4-turbo,2025-05,1066,3435088,103.05
Marketing,OpenAI,gpt-4o,2025-05,1134,3562208,53.43
Marketing,OpenAI,text-embedding-ada-002,2025-05,790,1684736,0.17
Marketing,Anthropic,claude-3-sonnet,2025-05,2938,7499306,112.49
Marketing,Anthropic,claude-3-haiku,2025-05,2518,5153650,15.46
Marketing,Google,gemini-1.5-pro,2025-05,224,459315,8.27
Marketing,Google,gemini-1.5-flash,2025-05,322,761560,3.05
Marketing,Cohere,command-r-plus,2025-05,271,557845,6.69
Marketing,Cohere,embed-v3,2025-05,288,715547,0.07
Sales,OpenAI,gpt-4-turbo,2025-05,1806,6017912,180.54
Sales,OpenAI,gpt-4o,2025-05,1305,4373630,65.6
Sales,OpenAI,text-embedding-ada-002,2025-05,1892,6126529,0.61
Sales,Anthropic,claude-3-sonnet,2025-05,4752,11278934,169.18
Sales,Anthropic,claude-3-haiku,2025-05,4118,8651439,25.95
Sales,Google,gemini-1.5-pro,2025-05,298,1042504,18.77
Sales,Google,gemini-1.5-flash,2025-05,352,1099041,4.4
Sales,Cohere,command-r-plus,2025-05,466,1531758,18.38
Sales,Cohere,embed-v3,2025-05,511,1207107,0.12
Design,OpenAI,gpt-4-turbo,2025-05,281,735317,22.06
Design,OpenAI,gpt-4o,2025-05,302,614158,9.21
Design,OpenAI,text-embedding-ada-002,2025-05,356,1130516,0.11
Design,Anthropic,claude-3-sonnet,2025-05,1091,2693861,40.41
Design,Anthropic,claude-3-haiku,2025-05,1147,2693187,8.08
Design,Google,gemini-1.5-pro,2025-05,74,232843,4.19
Design,Google,gemini-1.5-flash,2025-05,112,352066,1.41
Data,OpenAI,gpt-4-turbo,2025-05,879,2861742,85.85
Data,OpenAI,gpt-4o,2025-05,1302,3704311,55.56
Data,OpenAI,text-embedding-ada-002,2025-05,1306,4305424,0.43
Data,Anthropic,claude-3-sonnet,2025-05,3452,9912161,148.68
Data,Anthropic,claude-3-haiku,2025-05,4247,13314749,39.94
Data,Google,gemini-1.5-pro,2025-05,316,967306,17.41
Data,Google,gemini-1.5-flash,2025-05,306,717053,2.87
Data,Cohere,command-r-plus,2025-05,347,1177118,14.13
Data,Cohere,embed-v3,2025-05,412,1035297,0.1
Support,OpenAI,gpt-4-turbo,2025-05,2470,5724111,171.72
Support,OpenAI,gpt-4o,2025-05,3153,10946197,164.19
Support,Anthropic,claude-3-sonnet,2025-05,7151,22930547,343.96
Support,Anthropic,claude-3-haiku,2025-05,7409,21410063,64.23
Support,Google,gemini-1.5-pro,2025-05,480,1287430,23.17
Support,Google,gemini-1.5-flash,2025-05,725,2186815,8.75
Support,Cohere,command-r-plus,2025-05,606,2067998,24.82
Engineering,OpenAI,gpt-4-turbo,2025-06,1578,4340350,130.21
Engineering,OpenAI,gpt-4o,2025-06,2198,6694456,100.42
Engineering,OpenAI,text-embedding-ada-002,2025-06,2148,5182978,0.52
Engineering,Anthropic,claude-3-sonnet,2025-06,4226,12483225,187.25
Engineering,Anthropic,claude-3-haiku,2025-06,5642,12801889,38.41
Engineering,Google,gemini-1.5-pro,2025-06,598,1604289,28.88
Engineering,Google,gemini-1.5-flash,2025-06,586,1908045,7.63
Engineering,Cohere,command-r-plus,2025-06,426,864233,10.37
Engineering,Cohere,embed-v3,2025-06,621,1809933,0.18
Marketing,OpenAI,gpt-4-turbo,2025-06,1104,3595984,107.88
Marketing,OpenAI,gpt-4o,2025-06,1165,4009207,60.14
Marketing,OpenAI,text-embedding-ada-002,2025-06,1007,2751872,0.28
Marketing,Anthropic,claude-3-sonnet,2025-06,2505,5587494,83.81
Marketing,Anthropic,claude-3-haiku,2025-06,2778,6710311,20.13
Marketing,Google,gemini-1.5-pro,2025-06,333,957303,17.23
Marketing,Google,gemini-1.5-flash,2025-06,281,711600,2.85
Marketing,Cohere,command-r-plus,2025-06,194,397237,4.77
Marketing,Cohere,embed-v3,2025-06,254,540219,0.05
Sales,OpenAI,gpt-4-turbo,2025-06,1573,5224655,156.74
Sales,OpenAI,gpt-4o,2025-06,1819,5436205,81.54
Sales,OpenAI,text-embedding-ada-002,2025-06,1222,4025873,0.4
Sales,Anthropic,claude-3-sonnet,2025-06,4918,11286713,169.3
Sales,Anthropic,claude-3-haiku,2025-06,4562,11084653,33.25
Sales,Google,gemini-1.5-pro,2025-06,471,1646548,29.64
Sales,Google,gemini-1.5-flash,2025-06,286,956969,3.83
Sales,Cohere,command-r-plus,2025-06,428,1480911,17.77
Sales,Cohere,embed-v3,2025-06,390,1275721,0.13
Design,OpenAI,gpt-4-turbo,2025-06,290,725846,21.78
Design,OpenAI,gpt-4o,2025-06,291,1007737,15.12
Design,OpenAI,text-embedding-ada-002,2025-06,469,1537767,0.15
Design,Anthropic,claude-3-sonnet,2025-06,1344,2859568,42.89
Design,Anthropic,claude-3-haiku,2025-06,991,2087593,6.26
Design,Google,gemini-1.5-pro,2025-06,88,206276,3.71
Design,Google,gemini-1.5-flash,2025-06,104,249895,1.0
Data,OpenAI,gpt-4-turbo,2025-06,937,2109408,63.28
Data,OpenAI,gpt-4o,2025-06,971,3359286,50.39
Data,OpenAI,text-embedding-ada-002,2025-06,1424,4915138,0.49
Data,Anthropic,claude-3-sonnet,2025-06,3207,7753091,116.3
Data,Anthropic,claude-3-haiku,2025-06,3923,9765841,29.3
Data,Google,gemini-1.5-pro,2025-06,292,685837,12.35
Data,Google,gemini-1.5-flash,2025-06,258,615251,2.46
Data,Cohere,command-r-plus,2025-06,303,912330,10.95
Data,Cohere,embed-v3,2025-06,245,567361,0.06
Support,OpenAI,gpt-4-turbo,2025-06,2922,6487958,194.64
Support,OpenAI,gpt-4o,2025-06,2232,7358878,110.38
Support,Anthropic,claude-3-sonnet,2025-06,5278,11211027,168.17
Support,Anthropic,claude-3-haiku,2025-06,6594,16179231,48.54
Support,Google,gemini-1.5-pro,2025-06,690,2211938,39.81
Support,Google,gemini-1.5-flash,2025-06,520,1492945,5.97
Support,Cohere,command-r-plus,2025-06,667,1478150,17.74
