employee_id,name,department,role,band,type,month,base_salary,overtime,total
EMP-1001,Betty Nelson,Engineering,Backend Engineer,IC3,FTE,2023-07,9965,74,10039
EMP-1001,Betty Nelson,Engineering,Backend Engineer,IC3,FTE,2023-08,9965,190,10155
EMP-1001,Betty Nelson,Engineering,Backend Engineer,IC3,FTE,2023-09,9965,146,10111
EMP-1001,Betty Nelson,Engineering,Backend Engineer,IC3,FTE,2023-10,9965,119,10084
EMP-1001,Betty Nelson,Engineering,Backend Engineer,IC3,FTE,2023-11,9965,31,9996
EMP-1001,Betty Nelson,Engineering,Backend Engineer,IC3,FTE,2023-12,9965,31,9996
EMP-1001,Betty Nelson,Engineering,Backend Engineer,IC3,FTE,2024-01,9965,70,10035
EMP-1001,Betty Nelson,Engineering,Backend Engineer,IC3,FTE,2024-02,9965,353,10318
EMP-1001,Betty Nelson,Engineering,Backend Engineer,IC3,FTE,2024-03,9965,260,10225
EMP-1001,Betty Nelson,Engineering,Backend Engineer,IC3,FTE,2024-04,9965,297,10262
EMP-1001,Betty Nelson,Engineering,Backend Engineer,IC3,FTE,2024-05,9965,57,10022
EMP-1001,Betty Nelson,Engineering,Backend Engineer,IC3,FTE,2024-06,9965,389,10354
EMP-1001,Betty Nelson,Engineering,Backend Engineer,IC3,FTE,2024-07,10463,682,11145
EMP-1001,Betty Nelson,Engineering,Backend Engineer,IC3,FTE,2024-08,10463,248,10711
EMP-1001,Betty Nelson,Engineering,Backend Engineer,IC3,FTE,2024-09,10463,227,10690
EMP-1001,Betty Nelson,Engineering,Backend Engineer,IC3,FTE,2024-10,10463,228,10691
EMP-1001,Betty Nelson,Engineering,Backend Engineer,IC3,FTE,2024-11,10463,312,10775
EMP-1001,Betty Nelson,Engineering,Backend Engineer,IC3,FTE,2024-12,10463,467,10930
EMP-1001,Betty Nelson,Engineering,Backend Engineer,IC3,FTE,2025-01,10463,402,10865
EMP-1001,Betty Nelson,Engineering,Backend Engineer,IC3,FTE,2025-02,10463,303,10766
EMP-1001,Betty Nelson,Engineering,Backend Engineer,IC3,FTE,2025-03,10463,528,10991
EMP-1001,Betty Nelson,Engineering,Backend Engineer,IC3,FTE,2025-04,10463,197,10660
EMP-1001,Betty Nelson,Engineering,Backend Engineer,IC3,FTE,2025-05,10463,304,10767
EMP-1001,Betty Nelson,Engineering,Backend Engineer,IC3,FTE,2025-06,10463,356,10819
EMP-1002,Nancy Adams,Engineering,Backend Engineer,IC4,FTE,2023-10,12235,91,12326
EMP-1002,Nancy Adams,Engineering,Backend Engineer,IC4,FTE,2023-11,12235,157,12392
EMP-1002,Nancy Adams,Engineering,Backend Engineer,IC4,FTE,2023-12,12235,39,12274
EMP-1002,Nancy Adams,Engineering,Backend Engineer,IC4,FTE,2024-01,12235,229,12464
EMP-1002,Nancy Adams,Engineering,Backend Engineer,IC4,FTE,2024-02,12235,257,12492
EMP-1002,Nancy Adams,Engineering,Backend Engineer,IC4,FTE,2024-03,12235,66,12301
EMP-1002,Nancy Adams,Engineering,Backend Engineer,IC4,FTE,2024-04,12235,262,12497
EMP-1002,Nancy Adams,Engineering,Backend Engineer,IC4,FTE,2024-05,12235,109,12344
EMP-1002,Nancy Adams,Engineering,Backend Engineer,IC4,FTE,2024-06,12235,72,12307
EMP-1002,Nancy Adams,Engineering,Backend Engineer,IC4,FTE,2024-07,12846,764,13610
EMP-1002,Nancy Adams,Engineering,Backend Engineer,IC4,FTE,2024-08,12846,775,13621
EMP-1002,Nancy Adams,Engineering,Backend Engineer,IC4,FTE,2024-09,12846,665,13511
EMP-1002,Nancy Adams,Engineering,Backend Engineer,IC4,FTE,2024-10,12846,313,13159
EMP-1002,Nancy Adams,Engineering,Backend Engineer,IC4,FTE,2024-11,12846,168,13014
EMP-1002,Nancy Adams,Engineering,Backend Engineer,IC4,FTE,2024-12,12846,578,13424
EMP-1002,Nancy Adams,Engineering,Backend Engineer,IC4,FTE,2025-01,12846,408,13254
EMP-1002,Nancy Adams,Engineering,Backend Engineer,IC4,FTE,2025-02,12846,185,13031
EMP-1002,Nancy Adams,Engineering,Backend Engineer,IC4,FTE,2025-03,12846,446,13292
EMP-1002,Nancy Adams,Engineering,Backend Engineer,IC4,FTE,2025-04,12846,124,12970
EMP-1002,Nancy Adams,Engineering,Backend Engineer,IC4,FTE,2025-05,12846,736,13582
EMP-1002,Nancy Adams,Engineering,Backend Engineer,IC4,FTE,2025-06,12846,281,13127
EMP-1003,Karen Wilson,Engineering,Frontend Engineer,IC3,FTE,2023-07,9371,132,9503
EMP-1003,Karen Wilson,Engineering,Frontend Engineer,IC3,FTE,2023-08,9371,62,9433
EMP-1003,Karen Wilson,Engineering,Frontend Engineer,IC3,FTE,2023-09,9371,104,9475
EMP-1003,Karen Wilson,Engineering,Frontend Engineer,IC3,FTE,2023-10,9371,109,9480
EMP-1003,Karen Wilson,Engineering,Frontend Engineer,IC3,FTE,2023-11,9371,36,9407
EMP-1003,Karen Wilson,Engineering,Frontend Engineer,IC3,FTE,2023-12,9371,193,9564
EMP-1003,Karen Wilson,Engineering,Frontend Engineer,IC3,FTE,2024-01,9371,321,9692
EMP-1003,Karen Wilson,Engineering,Frontend Engineer,IC3,FTE,2024-02,9371,378,9749
EMP-1003,Karen Wilson,Engineering,Frontend Engineer,IC3,FTE,2024-03,9371,363,9734
EMP-1003,Karen Wilson,Engineering,Frontend Engineer,IC3,FTE,2024-04,9371,259,9630
EMP-1003,Karen Wilson,Engineering,Frontend Engineer,IC3,FTE,2024-05,9371,372,9743
EMP-1003,Karen Wilson,Engineering,Frontend Engineer,IC3,FTE,2024-06,9371,80,9451
EMP-1003,Karen Wilson,Engineering,Frontend Engineer,IC3,FTE,2024-07,9839,237,10076
EMP-1003,Karen Wilson,Engineering,Frontend Engineer,IC3,FTE,2024-08,9839,131,9970
EMP-1003,Karen Wilson,Engineering,Frontend Engineer,IC3,FTE,2024-09,9839,327,10166
EMP-1003,Karen Wilson,Engineering,Frontend Engineer,IC3,FTE,2024-10,9839,372,10211
EMP-1003,Karen Wilson,Engineering,Frontend Engineer,IC3,FTE,2024-11,9839,289,10128
EMP-1003,Karen Wilson,Engineering,Frontend Engineer,IC3,FTE,2024-12,9839,680,10519
EMP-1003,Karen Wilson,Engineering,Frontend Engineer,IC3,FTE,2025-01,9839,349,10188
EMP-1003,Karen Wilson,Engineering,Frontend Engineer,IC3,FTE,2025-02,9839,296,10135
EMP-1003,Karen Wilson,Engineering,Frontend Engineer,IC3,FTE,2025-03,9839,479,10318
EMP-1003,Karen Wilson,Engineering,Frontend Engineer,IC3,FTE,2025-04,9839,198,10037
EMP-1003,Karen Wilson,Engineering,Frontend Engineer,IC3,FTE,2025-05,9839,661,10500
EMP-1003,Karen Wilson,Engineering,Frontend Engineer,IC3,FTE,2025-06,9839,152,9991
EMP-1004,Barbara Martinez,Engineering,Frontend Engineer,IC4,FTE,2023-07,11905,197,12102
EMP-1004,Barbara Martinez,Engineering,Frontend Engineer,IC4,FTE,2023-08,11905,154,12059
EMP-1004,Barbara Martinez,Engineering,Frontend Engineer,IC4,FTE,2023-09,11905,39,11944
EMP-1004,Barbara Martinez,Engineering,Frontend Engineer,IC4,FTE,2023-10,11905,1,11906
EMP-1004,Barbara Martinez,Engineering,Frontend Engineer,IC4,FTE,2023-11,11905,163,12068
EMP-1004,Barbara Martinez,Engineering,Frontend Engineer,IC4,FTE,2023-12,11905,141,12046
EMP-1004,Barbara Martinez,Engineering,Frontend Engineer,IC4,FTE,2024-01,11905,305,12210
EMP-1004,Barbara Martinez,Engineering,Frontend Engineer,IC4,FTE,2024-02,11905,319,12224
EMP-1004,Barbara Martinez,Engineering,Frontend Engineer,IC4,FTE,2024-03,11905,75,11980
EMP-1004,Barbara Martinez,Engineering,Frontend Engineer,IC4,FTE,2024-04,11905,175,12080
EMP-1004,Barbara Martinez,Engineering,Frontend Engineer,IC4,FTE,2024-05,11905,90,11995
EMP-1004,Barbara Martinez,Engineering,Frontend Engineer,IC4,FTE,2024-06,11905,352,12257
EMP-1004,Barbara Martinez,Engineering,Frontend Engineer,IC4,FTE,2024-07,12500,536,13036
EMP-1004,Barbara Martinez,Engineering,Frontend Engineer,IC4,FTE,2024-08,12500,331,12831
EMP-1004,Barbara Martinez,Engineering,Frontend Engineer,IC4,FTE,2024-09,12500,144,12644
EMP-1004,Barbara Martinez,Engineering,Frontend Engineer,IC4,FTE,2024-10,12500,317,12817
EMP-1004,Barbara Martinez,Engineering,Frontend Engineer,IC4,FTE,2024-11,12500,327,12827
EMP-1004,Barbara Martinez,Engineering,Frontend Engineer,IC4,FTE,2024-12,12500,610,13110
EMP-1004,Barbara Martinez,Engineering,Frontend Engineer,IC4,FTE,2025-01,12500,546,13046
EMP-1004,Barbara Martinez,Engineering,Frontend Engineer,IC4,FTE,2025-02,12500,721,13221
EMP-1004,Barbara Martinez,Engineering,Frontend Engineer,IC4,FTE,2025-03,12500,430,12930
EMP-1004,Barbara Martinez,Engineering,Frontend Engineer,IC4,FTE,2025-04,12500,183,12683
EMP-1004,Barbara Martinez,Engineering,Frontend Engineer,IC4,FTE,2025-05,12500,599,13099
EMP-1004,Barbara Martinez,Engineering,Frontend Engineer,IC4,FTE,2025-06,12500,632,13132
EMP-1005,Robert Martin,Engineering,DevOps Engineer,IC3,FTE,2023-10,9769,112,9881
EMP-1005,Robert Martin,Engineering,DevOps Engineer,IC3,FTE,2023-11,9769,154,9923
EMP-1005,Robert Martin,Engineering,DevOps Engineer,IC3,FTE,2023-12,9769,98,9867
EMP-1005,Robert Martin,Engineering,DevOps Engineer,IC3,FTE,2024-01,9769,232,10001
EMP-1005,Robert Martin,Engineering,DevOps Engineer,IC3,FTE,2024-02,9769,199,9968
EMP-1005,Robert Martin,Engineering,DevOps Engineer,IC3,FTE,2024-03,9769,58,9827
EMP-1005,Robert Martin,Engineering,DevOps Engineer,IC3,FTE,2024-04,9769,87,9856
EMP-1005,Robert Martin,Engineering,DevOps Engineer,IC3,FTE,2024-05,9769,61,9830
EMP-1005,Robert Martin,Engineering,DevOps Engineer,IC3,FTE,2024-06,9769,272,10041
EMP-1005,Robert Martin,Engineering,DevOps Engineer,IC3,FTE,2024-07,10257,320,10577
EMP-1005,Robert Martin,Engineering,DevOps Engineer,IC3,FTE,2024-08,10257,455,10712
EMP-1005,Robert Martin,Engineering,DevOps Engineer,IC3,FTE,2024-09,10257,735,10992
EMP-1005,Robert Martin,Engineering,DevOps Engineer,IC3,FTE,2024-10,10257,274,10531
EMP-1005,Robert Martin,Engineering,DevOps Engineer,IC3,FTE,2024-11,10257,387,10644
EMP-1005,Robert Martin,Engineering,DevOps Engineer,IC3,FTE,2024-12,10257,628,10885
EMP-1005,Robert Martin,Engineering,DevOps Engineer,IC3,FTE,2025-01,10257,260,10517
EMP-1005,Robert Martin,Engineering,DevOps Engineer,IC3,FTE,2025-02,10257,153,10410
EMP-1005,Robert Martin,Engineering,DevOps Engineer,IC3,FTE,2025-03,10257,302,10559
EMP-1005,Robert Martin,Engineering,DevOps Engineer,IC3,FTE,2025-04,10257,212,10469
EMP-1005,Robert Martin,Engineering,DevOps Engineer,IC3,FTE,2025-05,10257,750,11007
EMP-1005,Robert Martin,Engineering,DevOps Engineer,IC3,FTE,2025-06,10257,665,10922
EMP-1006,Dorothy Robinson,Engineering,DevOps Engineer,IC4,Contractor,2023-07,12142,506,12648
EMP-1006,Dorothy Robinson,Engineering,DevOps Engineer,IC4,Contractor,2023-08,12142,697,12839
EMP-1006,Dorothy Robinson,Engineering,DevOps Engineer,IC4,Contractor,2023-09,12142,642,12784
EMP-1006,Dorothy Robinson,Engineering,DevOps Engineer,IC4,Contractor,2023-10,12142,149,12291
EMP-1006,Dorothy Robinson,Engineering,DevOps Engineer,IC4,Contractor,2023-11,12142,714,12856
EMP-1006,Dorothy Robinson,Engineering,DevOps Engineer,IC4,Contractor,2023-12,12142,431,12573
EMP-1006,Dorothy Robinson,Engineering,DevOps Engineer,IC4,Contractor,2024-01,12142,645,12787
EMP-1006,Dorothy Robinson,Engineering,DevOps Engineer,IC4,Contractor,2024-02,12142,716,12858
EMP-1006,Dorothy Robinson,Engineering,DevOps Engineer,IC4,Contractor,2024-03,12142,254,12396
EMP-1006,Dorothy Robinson,Engineering,DevOps Engineer,IC4,Contractor,2024-04,12142,88,12230
EMP-1006,Dorothy Robinson,Engineering,DevOps Engineer,IC4,Contractor,2024-05,12142,182,12324
EMP-1006,Dorothy Robinson,Engineering,DevOps Engineer,IC4,Contractor,2024-06,12142,341,12483
EMP-1006,Dorothy Robinson,Engineering,DevOps Engineer,IC4,Contractor,2024-07,12142,654,12796
EMP-1006,Dorothy Robinson,Engineering,DevOps Engineer,IC4,Contractor,2024-08,12142,688,12830
EMP-1006,Dorothy Robinson,Engineering,DevOps Engineer,IC4,Contractor,2024-09,12142,5,12147
EMP-1006,Dorothy Robinson,Engineering,DevOps Engineer,IC4,Contractor,2024-10,13963,408,14371
EMP-1006,Dorothy Robinson,Engineering,DevOps Engineer,IC4,Contractor,2024-11,13963,626,14589
EMP-1006,Dorothy Robinson,Engineering,DevOps Engineer,IC4,Contractor,2024-12,13963,333,14296
EMP-1006,Dorothy Robinson,Engineering,DevOps Engineer,IC4,Contractor,2025-01,13963,179,14142
EMP-1006,Dorothy Robinson,Engineering,DevOps Engineer,IC4,Contractor,2025-02,13963,506,14469
EMP-1006,Dorothy Robinson,Engineering,DevOps Engineer,IC4,Contractor,2025-03,13963,1414,15377
EMP-1006,Dorothy Robinson,Engineering,DevOps Engineer,IC4,Contractor,2025-04,13963,484,14447
EMP-1006,Dorothy Robinson,Engineering,DevOps Engineer,IC4,Contractor,2025-05,13963,778,14741
EMP-1006,Dorothy Robinson,Engineering,DevOps Engineer,IC4,Contractor,2025-06,13963,1054,15017
EMP-1007,Anthony Johnson,Engineering,Engineering Manager,M1,FTE,2023-07,14074,72,14146
EMP-1007,Anthony Johnson,Engineering,Engineering Manager,M1,FTE,2023-08,14074,194,14268
EMP-1007,Anthony Johnson,Engineering,Engineering Manager,M1,FTE,2023-09,14074,192,14266
EMP-1007,Anthony Johnson,Engineering,Engineering Manager,M1,FTE,2023-10,14074,50,14124
EMP-1007,Anthony Johnson,Engineering,Engineering Manager,M1,FTE,2023-11,14074,99,14173
EMP-1007,Anthony Johnson,Engineering,Engineering Manager,M1,FTE,2023-12,14074,60,14134
EMP-1007,Anthony Johnson,Engineering,Engineering Manager,M1,FTE,2024-01,14074,149,14223
EMP-1007,Anthony Johnson,Engineering,Engineering Manager,M1,FTE,2024-02,14074,62,14136
EMP-1007,Anthony Johnson,Engineering,Engineering Manager,M1,FTE,2024-03,14074,263,14337
EMP-1007,Anthony Johnson,Engineering,Engineering Manager,M1,FTE,2024-04,14074,225,14299
EMP-1007,Anthony Johnson,Engineering,Engineering Manager,M1,FTE,2024-05,14074,68,14142
EMP-1007,Anthony Johnson,Engineering,Engineering Manager,M1,FTE,2024-06,14074,147,14221
EMP-1007,Anthony Johnson,Engineering,Engineering Manager,M1,FTE,2024-07,14777,735,15512
EMP-1007,Anthony Johnson,Engineering,Engineering Manager,M1,FTE,2024-08,14777,267,15044
EMP-1007,Anthony Johnson,Engineering,Engineering Manager,M1,FTE,2024-09,14777,201,14978
EMP-1007,Anthony Johnson,Engineering,Engineering Manager,M1,FTE,2024-10,14777,442,15219
EMP-1007,Anthony Johnson,Engineering,Engineering Manager,M1,FTE,2024-11,14777,789,15566
EMP-1007,Anthony Johnson,Engineering,Engineering Manager,M1,FTE,2024-12,14777,269,15046
EMP-1007,Anthony Johnson,Engineering,Engineering Manager,M1,FTE,2025-01,14777,570,15347
EMP-1007,Anthony Johnson,Engineering,Engineering Manager,M1,FTE,2025-02,14777,633,15410
EMP-1007,Anthony Johnson,Engineering,Engineering Manager,M1,FTE,2025-03,14777,266,15043
EMP-1007,Anthony Johnson,Engineering,Engineering Manager,M1,FTE,2025-04,14777,609,15386
EMP-1007,Anthony Johnson,Engineering,Engineering Manager,M1,FTE,2025-05,14777,357,15134
EMP-1007,Anthony Johnson,Engineering,Engineering Manager,M1,FTE,2025-06,14777,542,15319
EMP-1008,Elizabeth Smith,Engineering,QA Engineer,IC2,FTE,2023-07,7764,126,7890
EMP-1008,Elizabeth Smith,Engineering,QA Engineer,IC2,FTE,2023-08,7764,107,7871
EMP-1008,Elizabeth Smith,Engineering,QA Engineer,IC2,FTE,2023-09,7764,18,7782
EMP-1008,Elizabeth Smith,Engineering,QA Engineer,IC2,FTE,2023-10,7764,167,7931
EMP-1008,Elizabeth Smith,Engineering,QA Engineer,IC2,FTE,2023-11,7764,64,7828
EMP-1008,Elizabeth Smith,Engineering,QA Engineer,IC2,FTE,2023-12,7764,37,7801
EMP-1008,Elizabeth Smith,Engineering,QA Engineer,IC2,FTE,2024-01,7764,64,7828
EMP-1008,Elizabeth Smith,Engineering,QA Engineer,IC2,FTE,2024-02,7764,256,8020
EMP-1008,Elizabeth Smith,Engineering,QA Engineer,IC2,FTE,2024-03,7764,287,8051
EMP-1008,Elizabeth Smith,Engineering,QA Engineer,IC2,FTE,2024-04,7764,55,7819
EMP-1008,Elizabeth Smith,Engineering,QA Engineer,IC2,FTE,2024-05,7764,229,7993
EMP-1008,Elizabeth Smith,Engineering,QA Engineer,IC2,FTE,2024-06,7764,129,7893
EMP-1008,Elizabeth Smith,Engineering,QA Engineer,IC2,FTE,2024-07,8152,551,8703
EMP-1008,Elizabeth Smith,Engineering,QA Engineer,IC2,FTE,2024-08,8152,222,8374
EMP-1008,Elizabeth Smith,Engineering,QA Engineer,IC2,FTE,2024-09,8152,583,8735
EMP-1008,Elizabeth Smith,Engineering,QA Engineer,IC2,FTE,2024-10,8152,370,8522
EMP-1008,Elizabeth Smith,Engineering,QA Engineer,IC2,FTE,2024-11,8152,755,8907
EMP-1008,Elizabeth Smith,Engineering,QA Engineer,IC2,FTE,2024-12,8152,196,8348
EMP-1008,Elizabeth Smith,Engineering,QA Engineer,IC2,FTE,2025-01,8152,338,8490
EMP-1008,Elizabeth Smith,Engineering,QA Engineer,IC2,FTE,2025-02,8152,179,8331
EMP-1008,Elizabeth Smith,Engineering,QA Engineer,IC2,FTE,2025-03,8152,747,8899
EMP-1008,Elizabeth Smith,Engineering,QA Engineer,IC2,FTE,2025-04,8152,714,8866
EMP-1008,Elizabeth Smith,Engineering,QA Engineer,IC2,FTE,2025-05,8152,280,8432
EMP-1008,Elizabeth Smith,Engineering,QA Engineer,IC2,FTE,2025-06,8152,561,8713
EMP-1009,Sandra Thomas,Engineering,QA Engineer,IC3,FTE,2023-07,9419,163,9582
EMP-1009,Sandra Thomas,Engineering,QA Engineer,IC3,FTE,2023-08,9419,111,9530
EMP-1009,Sandra Thomas,Engineering,QA Engineer,IC3,FTE,2023-09,9419,105,9524
EMP-1009,Sandra Thomas,Engineering,QA Engineer,IC3,FTE,2023-10,9419,48,9467
EMP-1009,Sandra Thomas,Engineering,QA Engineer,IC3,FTE,2023-11,9419,18,9437
EMP-1009,Sandra Thomas,Engineering,QA Engineer,IC3,FTE,2023-12,9419,179,9598
EMP-1009,Sandra Thomas,Engineering,QA Engineer,IC3,FTE,2024-01,9419,365,9784
EMP-1009,Sandra Thomas,Engineering,QA Engineer,IC3,FTE,2024-02,9419,271,9690
EMP-1009,Sandra Thomas,Engineering,QA Engineer,IC3,FTE,2024-03,9419,168,9587
EMP-1009,Sandra Thomas,Engineering,QA Engineer,IC3,FTE,2024-04,9419,172,9591
EMP-1009,Sandra Thomas,Engineering,QA Engineer,IC3,FTE,2024-05,9419,304,9723
EMP-1009,Sandra Thomas,Engineering,QA Engineer,IC3,FTE,2024-06,9419,363,9782
EMP-1009,Sandra Thomas,Engineering,QA Engineer,IC3,FTE,2024-07,9889,720,10609
EMP-1009,Sandra Thomas,Engineering,QA Engineer,IC3,FTE,2024-08,9889,645,10534
EMP-1009,Sandra Thomas,Engineering,QA Engineer,IC3,FTE,2024-09,9889,549,10438
EMP-1009,Sandra Thomas,Engineering,QA Engineer,IC3,FTE,2024-10,9889,158,10047
EMP-1009,Sandra Thomas,Engineering,QA Engineer,IC3,FTE,2024-11,9889,213,10102
EMP-1009,Sandra Thomas,Engineering,QA Engineer,IC3,FTE,2024-12,9889,728,10617
EMP-1009,Sandra Thomas,Engineering,QA Engineer,IC3,FTE,2025-01,9889,524,10413
EMP-1009,Sandra Thomas,Engineering,QA Engineer,IC3,FTE,2025-02,9889,106,9995
EMP-1009,Sandra Thomas,Engineering,QA Engineer,IC3,FTE,2025-03,9889,171,10060
EMP-1009,Sandra Thomas,Engineering,QA Engineer,IC3,FTE,2025-04,9889,564,10453
EMP-1009,Sandra Thomas,Engineering,QA Engineer,IC3,FTE,2025-05,9889,103,9992
EMP-1009,Sandra Thomas,Engineering,QA Engineer,IC3,FTE,2025-06,9889,212,10101
EMP-1010,Thomas Brown,Engineering,Platform Engineer,IC3,FTE,2023-10,9470,109,9579
EMP-1010,Thomas Brown,Engineering,Platform Engineer,IC3,FTE,2023-11,9470,138,9608
EMP-1010,Thomas Brown,Engineering,Platform Engineer,IC3,FTE,2023-12,9470,130,9600
EMP-1010,Thomas Brown,Engineering,Platform Engineer,IC3,FTE,2024-01,9470,128,9598
EMP-1010,Thomas Brown,Engineering,Platform Engineer,IC3,FTE,2024-02,9470,299,9769
EMP-1010,Thomas Brown,Engineering,Platform Engineer,IC3,FTE,2024-03,9470,133,9603
EMP-1010,Thomas Brown,Engineering,Platform Engineer,IC3,FTE,2024-04,9470,163,9633
EMP-1010,Thomas Brown,Engineering,Platform Engineer,IC3,FTE,2024-05,9470,311,9781
EMP-1010,Thomas Brown,Engineering,Platform Engineer,IC3,FTE,2024-06,9470,277,9747
EMP-1010,Thomas Brown,Engineering,Platform Engineer,IC3,FTE,2024-07,9943,694,10637
EMP-1010,Thomas Brown,Engineering,Platform Engineer,IC3,FTE,2024-08,9943,560,10503
EMP-1010,Thomas Brown,Engineering,Platform Engineer,IC3,FTE,2024-09,9943,497,10440
EMP-1010,Thomas Brown,Engineering,Platform Engineer,IC3,FTE,2024-10,9943,165,10108
EMP-1010,Thomas Brown,Engineering,Platform Engineer,IC3,FTE,2024-11,9943,357,10300
EMP-1010,Thomas Brown,Engineering,Platform Engineer,IC3,FTE,2024-12,9943,285,10228
EMP-1010,Thomas Brown,Engineering,Platform Engineer,IC3,FTE,2025-01,9943,270,10213
EMP-1010,Thomas Brown,Engineering,Platform Engineer,IC3,FTE,2025-02,9943,781,10724
EMP-1010,Thomas Brown,Engineering,Platform Engineer,IC3,FTE,2025-03,9943,375,10318
EMP-1010,Thomas Brown,Engineering,Platform Engineer,IC3,FTE,2025-04,9943,724,10667
EMP-1010,Thomas Brown,Engineering,Platform Engineer,IC3,FTE,2025-05,9943,541,10484
EMP-1010,Thomas Brown,Engineering,Platform Engineer,IC3,FTE,2025-06,9943,656,10599
EMP-1011,Ashley Lewis,Engineering,Platform Engineer,IC4,FTE,2023-10,11841,100,11941
EMP-1011,Ashley Lewis,Engineering,Platform Engineer,IC4,FTE,2023-11,11841,115,11956
EMP-1011,Ashley Lewis,Engineering,Platform Engineer,IC4,FTE,2023-12,11841,98,11939
EMP-1011,Ashley Lewis,Engineering,Platform Engineer,IC4,FTE,2024-01,11841,118,11959
EMP-1011,Ashley Lewis,Engineering,Platform Engineer,IC4,FTE,2024-02,11841,302,12143
EMP-1011,Ashley Lewis,Engineering,Platform Engineer,IC4,FTE,2024-03,11841,148,11989
EMP-1011,Ashley Lewis,Engineering,Platform Engineer,IC4,FTE,2024-04,11841,58,11899
EMP-1011,Ashley Lewis,Engineering,Platform Engineer,IC4,FTE,2024-05,11841,275,12116
EMP-1011,Ashley Lewis,Engineering,Platform Engineer,IC4,FTE,2024-06,11841,111,11952
EMP-1011,Ashley Lewis,Engineering,Platform Engineer,IC4,FTE,2024-07,12433,758,13191
EMP-1011,Ashley Lewis,Engineering,Platform Engineer,IC4,FTE,2024-08,12433,767,13200
EMP-1011,Ashley Lewis,Engineering,Platform Engineer,IC4,FTE,2024-09,12433,740,13173
EMP-1011,Ashley Lewis,Engineering,Platform Engineer,IC4,FTE,2024-10,12433,359,12792
EMP-1011,Ashley Lewis,Engineering,Platform Engineer,IC4,FTE,2024-11,12433,110,12543
EMP-1011,Ashley Lewis,Engineering,Platform Engineer,IC4,FTE,2024-12,12433,749,13182
EMP-1011,Ashley Lewis,Engineering,Platform Engineer,IC4,FTE,2025-01,12433,399,12832
EMP-1011,Ashley Lewis,Engineering,Platform Engineer,IC4,FTE,2025-02,12433,776,13209
EMP-1011,Ashley Lewis,Engineering,Platform Engineer,IC4,FTE,2025-03,12433,774,13207
EMP-1011,Ashley Lewis,Engineering,Platform Engineer,IC4,FTE,2025-04,12433,697,13130
EMP-1011,Ashley Lewis,Engineering,Platform Engineer,IC4,FTE,2025-05,12433,306,12739
EMP-1011,Ashley Lewis,Engineering,Platform Engineer,IC4,FTE,2025-06,12433,369,12802
EMP-1012,Lisa Hernandez,Engineering,Staff Engineer,IC5,FTE,2023-10,14593,170,14763
EMP-1012,Lisa Hernandez,Engineering,Staff Engineer,IC5,FTE,2023-11,14593,63,14656
EMP-1012,Lisa Hernandez,Engineering,Staff Engineer,IC5,FTE,2023-12,14593,33,14626
EMP-1012,Lisa Hernandez,Engineering,Staff Engineer,IC5,FTE,2024-01,14593,244,14837
EMP-1012,Lisa Hernandez,Engineering,Staff Engineer,IC5,FTE,2024-02,14593,377,14970
EMP-1012,Lisa Hernandez,Engineering,Staff Engineer,IC5,FTE,2024-03,14593,293,14886
EMP-1012,Lisa Hernandez,Engineering,Staff Engineer,IC5,FTE,2024-04,14593,249,14842
EMP-1012,Lisa Hernandez,Engineering,Staff Engineer,IC5,FTE,2024-05,14593,84,14677
EMP-1012,Lisa Hernandez,Engineering,Staff Engineer,IC5,FTE,2024-06,14593,265,14858
EMP-1012,Lisa Hernandez,Engineering,Staff Engineer,IC5,FTE,2024-07,15322,793,16115
EMP-1012,Lisa Hernandez,Engineering,Staff Engineer,IC5,FTE,2024-08,15322,198,15520
EMP-1012,Lisa Hernandez,Engineering,Staff Engineer,IC5,FTE,2024-09,15322,462,15784
EMP-1012,Lisa Hernandez,Engineering,Staff Engineer,IC5,FTE,2024-10,15322,714,16036
EMP-1012,Lisa Hernandez,Engineering,Staff Engineer,IC5,FTE,2024-11,15322,618,15940
EMP-1012,Lisa Hernandez,Engineering,Staff Engineer,IC5,FTE,2024-12,15322,587,15909
EMP-1012,Lisa Hernandez,Engineering,Staff Engineer,IC5,FTE,2025-01,15322,591,15913
EMP-1012,Lisa Hernandez,Engineering,Staff Engineer,IC5,FTE,2025-02,15322,351,15673
EMP-1012,Lisa Hernandez,Engineering,Staff Engineer,IC5,FTE,2025-03,15322,305,15627
EMP-1012,Lisa Hernandez,Engineering,Staff Engineer,IC5,FTE,2025-04,15322,666,15988
EMP-1012,Lisa Hernandez,Engineering,Staff Engineer,IC5,FTE,2025-05,15322,667,15989
EMP-1012,Lisa Hernandez,Engineering,Staff Engineer,IC5,FTE,2025-06,15322,706,16028
EMP-1013,Richard Hill,Engineering,Backend Engineer,IC3,FTE,2024-05,10716,369,11085
EMP-1013,Richard Hill,Engineering,Backend Engineer,IC3,FTE,2024-06,10716,228,10944
EMP-1013,Richard Hill,Engineering,Backend Engineer,IC3,FTE,2024-07,11251,451,11702
EMP-1013,Richard Hill,Engineering,Backend Engineer,IC3,FTE,2024-08,11251,658,11909
EMP-1013,Richard Hill,Engineering,Backend Engineer,IC3,FTE,2024-09,11251,554,11805
EMP-1013,Richard Hill,Engineering,Backend Engineer,IC3,FTE,2024-10,11251,591,11842
EMP-1013,Richard Hill,Engineering,Backend Engineer,IC3,FTE,2024-11,11251,657,11908
EMP-1013,Richard Hill,Engineering,Backend Engineer,IC3,FTE,2024-12,11251,723,11974
EMP-1013,Richard Hill,Engineering,Backend Engineer,IC3,FTE,2025-01,11251,336,11587
EMP-1013,Richard Hill,Engineering,Backend Engineer,IC3,FTE,2025-02,11251,362,11613
EMP-1013,Richard Hill,Engineering,Backend Engineer,IC3,FTE,2025-03,11251,165,11416
EMP-1013,Richard Hill,Engineering,Backend Engineer,IC3,FTE,2025-04,11251,504,11755
EMP-1013,Richard Hill,Engineering,Backend Engineer,IC3,FTE,2025-05,11251,125,11376
EMP-1013,Richard Hill,Engineering,Backend Engineer,IC3,FTE,2025-06,11251,425,11676
EMP-1014,Patricia Thompson,Engineering,Backend Engineer,IC4,Contractor,2023-07,12142,434,12576
EMP-1014,Patricia Thompson,Engineering,Backend Engineer,IC4,Contractor,2023-08,12142,229,12371
EMP-1014,Patricia Thompson,Engineering,Backend Engineer,IC4,Contractor,2023-09,12142,472,12614
EMP-1014,Patricia Thompson,Engineering,Backend Engineer,IC4,Contractor,2023-10,12142,24,12166
EMP-1014,Patricia Thompson,Engineering,Backend Engineer,IC4,Contractor,2023-11,12142,29,12171
EMP-1014,Patricia Thompson,Engineering,Backend Engineer,IC4,Contractor,2023-12,12142,658,12800
EMP-1014,Patricia Thompson,Engineering,Backend Engineer,IC4,Contractor,2024-01,12142,288,12430
EMP-1014,Patricia Thompson,Engineering,Backend Engineer,IC4,Contractor,2024-02,12142,101,12243
EMP-1014,Patricia Thompson,Engineering,Backend Engineer,IC4,Contractor,2024-03,12142,417,12559
EMP-1014,Patricia Thompson,Engineering,Backend Engineer,IC4,Contractor,2024-04,12142,615,12757
EMP-1014,Patricia Thompson,Engineering,Backend Engineer,IC4,Contractor,2024-05,12142,172,12314
EMP-1014,Patricia Thompson,Engineering,Backend Engineer,IC4,Contractor,2024-06,12142,498,12640
EMP-1014,Patricia Thompson,Engineering,Backend Engineer,IC4,Contractor,2024-07,12142,68,12210
EMP-1014,Patricia Thompson,Engineering,Backend Engineer,IC4,Contractor,2024-08,12142,41,12183
EMP-1014,Patricia Thompson,Engineering,Backend Engineer,IC4,Contractor,2024-09,12142,425,12567
EMP-1014,Patricia Thompson,Engineering,Backend Engineer,IC4,Contractor,2024-10,13963,432,14395
EMP-1014,Patricia Thompson,Engineering,Backend Engineer,IC4,Contractor,2024-11,13963,956,14919
EMP-1014,Patricia Thompson,Engineering,Backend Engineer,IC4,Contractor,2024-12,13963,1089,15052
EMP-1014,Patricia Thompson,Engineering,Backend Engineer,IC4,Contractor,2025-01,13963,1463,15426
EMP-1014,Patricia Thompson,Engineering,Backend Engineer,IC4,Contractor,2025-02,13963,774,14737
EMP-1014,Patricia Thompson,Engineering,Backend Engineer,IC4,Contractor,2025-03,13963,484,14447
EMP-1014,Patricia Thompson,Engineering,Backend Engineer,IC4,Contractor,2025-04,13963,1192,15155
EMP-1014,Patricia Thompson,Engineering,Backend Engineer,IC4,Contractor,2025-05,13963,406,14369
EMP-1014,Patricia Thompson,Engineering,Backend Engineer,IC4,Contractor,2025-06,13963,658,14621
EMP-1015,Michelle Taylor,Marketing,Content Strategist,IC2,Contractor,2023-07,6696,62,6758
EMP-1015,Michelle Taylor,Marketing,Content Strategist,IC2,Contractor,2023-08,6696,20,6716
EMP-1015,Michelle Taylor,Marketing,Content Strategist,IC2,Contractor,2023-09,6696,770,7466
EMP-1015,Michelle Taylor,Marketing,Content Strategist,IC2,Contractor,2023-10,6696,668,7364
EMP-1015,Michelle Taylor,Marketing,Content Strategist,IC2,Contractor,2023-11,6696,556,7252
EMP-1015,Michelle Taylor,Marketing,Content Strategist,IC2,Contractor,2023-12,6696,327,7023
EMP-1015,Michelle Taylor,Marketing,Content Strategist,IC2,Contractor,2024-01,6696,138,6834
EMP-1015,Michelle Taylor,Marketing,Content Strategist,IC2,Contractor,2024-02,6696,125,6821
EMP-1015,Michelle Taylor,Marketing,Content Strategist,IC2,Contractor,2024-03,6696,200,6896
EMP-1015,Michelle Taylor,Marketing,Content Strategist,IC2,Contractor,2024-04,6696,439,7135
EMP-1015,Michelle Taylor,Marketing,Content Strategist,IC2,Contractor,2024-05,6696,571,7267
EMP-1015,Michelle Taylor,Marketing,Content Strategist,IC2,Contractor,2024-06,6696,528,7224
EMP-1015,Michelle Taylor,Marketing,Content Strategist,IC2,Contractor,2024-07,6696,223,6919
EMP-1015,Michelle Taylor,Marketing,Content Strategist,IC2,Contractor,2024-08,6696,763,7459
EMP-1015,Michelle Taylor,Marketing,Content Strategist,IC2,Contractor,2024-09,6696,590,7286
EMP-1015,Michelle Taylor,Marketing,Content Strategist,IC2,Contractor,2024-10,7700,443,8143
EMP-1015,Michelle Taylor,Marketing,Content Strategist,IC2,Contractor,2024-11,7700,917,8617
EMP-1015,Michelle Taylor,Marketing,Content Strategist,IC2,Contractor,2024-12,7700,629,8329
EMP-1015,Michelle Taylor,Marketing,Content Strategist,IC2,Contractor,2025-01,7700,371,8071
EMP-1015,Michelle Taylor,Marketing,Content Strategist,IC2,Contractor,2025-02,7700,533,8233
EMP-1015,Michelle Taylor,Marketing,Content Strategist,IC2,Contractor,2025-03,7700,1136,8836
EMP-1015,Michelle Taylor,Marketing,Content Strategist,IC2,Contractor,2025-04,7700,21,7721
EMP-1015,Michelle Taylor,Marketing,Content Strategist,IC2,Contractor,2025-05,7700,174,7874
EMP-1015,Michelle Taylor,Marketing,Content Strategist,IC2,Contractor,2025-06,7700,69,7769
EMP-1016,Joshua Rivera,Marketing,Content Strategist,IC3,FTE,2023-07,7565,8,7573
EMP-1016,Joshua Rivera,Marketing,Content Strategist,IC3,FTE,2023-08,7565,171,7736
EMP-1016,Joshua Rivera,Marketing,Content Strategist,IC3,FTE,2023-09,7565,140,7705
EMP-1016,Joshua Rivera,Marketing,Content Strategist,IC3,FTE,2023-10,7565,94,7659
EMP-1016,Joshua Rivera,Marketing,Content Strategist,IC3,FTE,2023-11,7565,19,7584
EMP-1016,Joshua Rivera,Marketing,Content Strategist,IC3,FTE,2023-12,7565,98,7663
EMP-1016,Joshua Rivera,Marketing,Content Strategist,IC3,FTE,2024-01,7565,215,7780
EMP-1016,Joshua Rivera,Marketing,Content Strategist,IC3,FTE,2024-02,7565,110,7675
EMP-1016,Joshua Rivera,Marketing,Content Strategist,IC3,FTE,2024-03,7565,201,7766
EMP-1016,Joshua Rivera,Marketing,Content Strategist,IC3,FTE,2024-04,7565,189,7754
EMP-1016,Joshua Rivera,Marketing,Content Strategist,IC3,FTE,2024-05,7565,265,7830
EMP-1016,Joshua Rivera,Marketing,Content Strategist,IC3,FTE,2024-06,7565,272,7837
EMP-1016,Joshua Rivera,Marketing,Content Strategist,IC3,FTE,2024-07,7943,131,8074
EMP-1016,Joshua Rivera,Marketing,Content Strategist,IC3,FTE,2024-08,7943,362,8305
EMP-1016,Joshua Rivera,Marketing,Content Strategist,IC3,FTE,2024-09,7943,538,8481
EMP-1016,Joshua Rivera,Marketing,Content Strategist,IC3,FTE,2024-10,7943,452,8395
EMP-1016,Joshua Rivera,Marketing,Content Strategist,IC3,FTE,2024-11,7943,699,8642
EMP-1016,Joshua Rivera,Marketing,Content Strategist,IC3,FTE,2024-12,7943,561,8504
EMP-1016,Joshua Rivera,Marketing,Content Strategist,IC3,FTE,2025-01,7943,214,8157
EMP-1016,Joshua Rivera,Marketing,Content Strategist,IC3,FTE,2025-02,7943,149,8092
EMP-1016,Joshua Rivera,Marketing,Content Strategist,IC3,FTE,2025-03,7943,549,8492
EMP-1016,Joshua Rivera,Marketing,Content Strategist,IC3,FTE,2025-04,7943,118,8061
EMP-1016,Joshua Rivera,Marketing,Content Strategist,IC3,FTE,2025-05,7943,510,8453
EMP-1016,Joshua Rivera,Marketing,Content Strategist,IC3,FTE,2025-06,7943,758,8701
EMP-1017,William Carter,Marketing,SEO Specialist,IC2,FTE,2023-07,6310,115,6425
EMP-1017,William Carter,Marketing,SEO Specialist,IC2,FTE,2023-08,6310,77,6387
EMP-1017,William Carter,Marketing,SEO Specialist,IC2,FTE,2023-09,6310,128,6438
EMP-1017,William Carter,Marketing,SEO Specialist,IC2,FTE,2023-10,6310,91,6401
EMP-1017,William Carter,Marketing,SEO Specialist,IC2,FTE,2023-11,6310,109,6419
EMP-1017,William Carter,Marketing,SEO Specialist,IC2,FTE,2023-12,6310,188,6498
EMP-1017,William Carter,Marketing,SEO Specialist,IC2,FTE,2024-01,6310,185,6495
EMP-1017,William Carter,Marketing,SEO Specialist,IC2,FTE,2024-02,6310,386,6696
EMP-1017,William Carter,Marketing,SEO Specialist,IC2,FTE,2024-03,6310,366,6676
EMP-1017,William Carter,Marketing,SEO Specialist,IC2,FTE,2024-04,6310,118,6428
EMP-1017,William Carter,Marketing,SEO Specialist,IC2,FTE,2024-05,6310,74,6384
EMP-1017,William Carter,Marketing,SEO Specialist,IC2,FTE,2024-06,6310,85,6395
EMP-1017,William Carter,Marketing,SEO Specialist,IC2,FTE,2024-07,6625,112,6737
EMP-1017,William Carter,Marketing,SEO Specialist,IC2,FTE,2024-08,6625,166,6791
EMP-1017,William Carter,Marketing,SEO Specialist,IC2,FTE,2024-09,6625,578,7203
EMP-1017,William Carter,Marketing,SEO Specialist,IC2,FTE,2024-10,6625,149,6774
EMP-1017,William Carter,Marketing,SEO Specialist,IC2,FTE,2024-11,6625,323,6948
EMP-1017,William Carter,Marketing,SEO Specialist,IC2,FTE,2024-12,6625,691,7316
EMP-1017,William Carter,Marketing,SEO Specialist,IC2,FTE,2025-01,6625,116,6741
EMP-1017,William Carter,Marketing,SEO Specialist,IC2,FTE,2025-02,6625,670,7295
EMP-1017,William Carter,Marketing,SEO Specialist,IC2,FTE,2025-03,6625,297,6922
EMP-1017,William Carter,Marketing,SEO Specialist,IC2,FTE,2025-04,6625,182,6807
EMP-1017,William Carter,Marketing,SEO Specialist,IC2,FTE,2025-05,6625,587,7212
EMP-1017,William Carter,Marketing,SEO Specialist,IC2,FTE,2025-06,6625,540,7165
EMP-1018,Matthew Moore,Marketing,Growth Manager,IC3,FTE,2023-07,8541,175,8716
EMP-1018,Matthew Moore,Marketing,Growth Manager,IC3,FTE,2023-08,8541,147,8688
EMP-1018,Matthew Moore,Marketing,Growth Manager,IC3,FTE,2023-09,8541,160,8701
EMP-1018,Matthew Moore,Marketing,Growth Manager,IC3,FTE,2023-10,8541,56,8597
EMP-1018,Matthew Moore,Marketing,Growth Manager,IC3,FTE,2023-11,8541,35,8576
EMP-1018,Matthew Moore,Marketing,Growth Manager,IC3,FTE,2023-12,8541,150,8691
EMP-1018,Matthew Moore,Marketing,Growth Manager,IC3,FTE,2024-01,8541,332,8873
EMP-1018,Matthew Moore,Marketing,Growth Manager,IC3,FTE,2024-02,8541,396,8937
EMP-1018,Matthew Moore,Marketing,Growth Manager,IC3,FTE,2024-03,8541,194,8735
EMP-1018,Matthew Moore,Marketing,Growth Manager,IC3,FTE,2024-04,8541,180,8721
EMP-1018,Matthew Moore,Marketing,Growth Manager,IC3,FTE,2024-05,8541,321,8862
EMP-1018,Matthew Moore,Marketing,Growth Manager,IC3,FTE,2024-06,8541,169,8710
EMP-1018,Matthew Moore,Marketing,Growth Manager,IC3,FTE,2024-07,8968,751,9719
EMP-1018,Matthew Moore,Marketing,Growth Manager,IC3,FTE,2024-08,8968,700,9668
EMP-1018,Matthew Moore,Marketing,Growth Manager,IC3,FTE,2024-09,8968,400,9368
EMP-1018,Matthew Moore,Marketing,Growth Manager,IC3,FTE,2024-10,8968,625,9593
EMP-1018,Matthew Moore,Marketing,Growth Manager,IC3,FTE,2024-11,8968,628,9596
EMP-1018,Matthew Moore,Marketing,Growth Manager,IC3,FTE,2024-12,8968,172,9140
EMP-1018,Matthew Moore,Marketing,Growth Manager,IC3,FTE,2025-01,8968,731,9699
EMP-1018,Matthew Moore,Marketing,Growth Manager,IC3,FTE,2025-02,8968,453,9421
EMP-1018,Matthew Moore,Marketing,Growth Manager,IC3,FTE,2025-03,8968,678,9646
EMP-1018,Matthew Moore,Marketing,Growth Manager,IC3,FTE,2025-04,8968,324,9292
EMP-1018,Matthew Moore,Marketing,Growth Manager,IC3,FTE,2025-05,8968,726,9694
EMP-1018,Matthew Moore,Marketing,Growth Manager,IC3,FTE,2025-06,8968,372,9340
EMP-1019,Emily Sanchez,Marketing,Marketing Manager,M1,FTE,2023-07,11066,2,11068
EMP-1019,Emily Sanchez,Marketing,Marketing Manager,M1,FTE,2023-08,11066,181,11247
EMP-1019,Emily Sanchez,Marketing,Marketing Manager,M1,FTE,2023-09,11066,18,11084
EMP-1019,Emily Sanchez,Marketing,Marketing Manager,M1,FTE,2023-10,11066,63,11129
EMP-1019,Emily Sanchez,Marketing,Marketing Manager,M1,FTE,2023-11,11066,190,11256
EMP-1019,Emily Sanchez,Marketing,Marketing Manager,M1,FTE,2023-12,11066,190,11256
EMP-1019,Emily Sanchez,Marketing,Marketing Manager,M1,FTE,2024-01,11066,250,11316
EMP-1019,Emily Sanchez,Marketing,Marketing Manager,M1,FTE,2024-02,11066,271,11337
EMP-1019,Emily Sanchez,Marketing,Marketing Manager,M1,FTE,2024-03,11066,206,11272
EMP-1019,Emily Sanchez,Marketing,Marketing Manager,M1,FTE,2024-04,11066,152,11218
EMP-1019,Emily Sanchez,Marketing,Marketing Manager,M1,FTE,2024-05,11066,165,11231
EMP-1019,Emily Sanchez,Marketing,Marketing Manager,M1,FTE,2024-06,11066,285,11351
EMP-1019,Emily Sanchez,Marketing,Marketing Manager,M1,FTE,2024-07,11619,626,12245
EMP-1019,Emily Sanchez,Marketing,Marketing Manager,M1,FTE,2024-08,11619,654,12273
EMP-1019,Emily Sanchez,Marketing,Marketing Manager,M1,FTE,2024-09,11619,652,12271
EMP-1019,Emily Sanchez,Marketing,Marketing Manager,M1,FTE,2024-10,11619,163,11782
EMP-1019,Emily Sanchez,Marketing,Marketing Manager,M1,FTE,2024-11,11619,446,12065
EMP-1019,Emily Sanchez,Marketing,Marketing Manager,M1,FTE,2024-12,11619,140,11759
EMP-1019,Emily Sanchez,Marketing,Marketing Manager,M1,FTE,2025-01,11619,484,12103
EMP-1019,Emily Sanchez,Marketing,Marketing Manager,M1,FTE,2025-02,11619,409,12028
EMP-1019,Emily Sanchez,Marketing,Marketing Manager,M1,FTE,2025-03,11619,721,12340
EMP-1019,Emily Sanchez,Marketing,Marketing Manager,M1,FTE,2025-04,11619,345,11964
EMP-1019,Emily Sanchez,Marketing,Marketing Manager,M1,FTE,2025-05,11619,181,11800
EMP-1019,Emily Sanchez,Marketing,Marketing Manager,M1,FTE,2025-06,11619,200,11819
EMP-1020,James Nguyen,Marketing,Brand Designer,IC2,FTE,2023-07,6311,152,6463
EMP-1020,James Nguyen,Marketing,Brand Designer,IC2,FTE,2023-08,6311,123,6434
EMP-1020,James Nguyen,Marketing,Brand Designer,IC2,FTE,2023-09,6311,20,6331
EMP-1020,James Nguyen,Marketing,Brand Designer,IC2,FTE,2023-10,6311,16,6327
EMP-1020,James Nguyen,Marketing,Brand Designer,IC2,FTE,2023-11,6311,140,6451
EMP-1020,James Nguyen,Marketing,Brand Designer,IC2,FTE,2023-12,6311,14,6325
EMP-1020,James Nguyen,Marketing,Brand Designer,IC2,FTE,2024-01,6311,337,6648
EMP-1020,James Nguyen,Marketing,Brand Designer,IC2,FTE,2024-02,6311,297,6608
EMP-1020,James Nguyen,Marketing,Brand Designer,IC2,FTE,2024-03,6311,78,6389
EMP-1020,James Nguyen,Marketing,Brand Designer,IC2,FTE,2024-04,6311,79,6390
EMP-1020,James Nguyen,Marketing,Brand Designer,IC2,FTE,2024-05,6311,395,6706
EMP-1020,James Nguyen,Marketing,Brand Designer,IC2,FTE,2024-06,6311,180,6491
EMP-1020,James Nguyen,Marketing,Brand Designer,IC2,FTE,2024-07,6626,359,6985
EMP-1020,James Nguyen,Marketing,Brand Designer,IC2,FTE,2024-08,6626,668,7294
EMP-1020,James Nguyen,Marketing,Brand Designer,IC2,FTE,2024-09,6626,763,7389
EMP-1020,James Nguyen,Marketing,Brand Designer,IC2,FTE,2024-10,6626,790,7416
EMP-1020,James Nguyen,Marketing,Brand Designer,IC2,FTE,2024-11,6626,627,7253
EMP-1020,James Nguyen,Marketing,Brand Designer,IC2,FTE,2024-12,6626,363,6989
EMP-1020,James Nguyen,Marketing,Brand Designer,IC2,FTE,2025-01,6626,158,6784
EMP-1020,James Nguyen,Marketing,Brand Designer,IC2,FTE,2025-02,6626,644,7270
EMP-1020,James Nguyen,Marketing,Brand Designer,IC2,FTE,2025-03,6626,490,7116
EMP-1020,James Nguyen,Marketing,Brand Designer,IC2,FTE,2025-04,6626,396,7022
EMP-1020,James Nguyen,Marketing,Brand Designer,IC2,FTE,2025-05,6626,734,7360
EMP-1020,James Nguyen,Marketing,Brand Designer,IC2,FTE,2025-06,6626,177,6803
EMP-1021,Amanda Walker,Marketing,Campaign Manager,IC3,FTE,2023-07,7817,98,7915
EMP-1021,Amanda Walker,Marketing,Campaign Manager,IC3,FTE,2023-08,7817,2,7819
EMP-1021,Amanda Walker,Marketing,Campaign Manager,IC3,FTE,2023-09,7817,93,7910
EMP-1021,Amanda Walker,Marketing,Campaign Manager,IC3,FTE,2023-10,7817,11,7828
EMP-1021,Amanda Walker,Marketing,Campaign Manager,IC3,FTE,2023-11,7817,23,7840
EMP-1021,Amanda Walker,Marketing,Campaign Manager,IC3,FTE,2023-12,7817,23,7840
EMP-1021,Amanda Walker,Marketing,Campaign Manager,IC3,FTE,2024-01,7817,277,8094
EMP-1021,Amanda Walker,Marketing,Campaign Manager,IC3,FTE,2024-02,7817,311,8128
EMP-1021,Amanda Walker,Marketing,Campaign Manager,IC3,FTE,2024-03,7817,254,8071
EMP-1021,Amanda Walker,Marketing,Campaign Manager,IC3,FTE,2024-04,7817,386,8203
EMP-1021,Amanda Walker,Marketing,Campaign Manager,IC3,FTE,2024-05,7817,181,7998
EMP-1021,Amanda Walker,Marketing,Campaign Manager,IC3,FTE,2024-06,7817,149,7966
EMP-1021,Amanda Walker,Marketing,Campaign Manager,IC3,FTE,2024-07,8207,708,8915
EMP-1021,Amanda Walker,Marketing,Campaign Manager,IC3,FTE,2024-08,8207,256,8463
EMP-1021,Amanda Walker,Marketing,Campaign Manager,IC3,FTE,2024-09,8207,774,8981
EMP-1021,Amanda Walker,Marketing,Campaign Manager,IC3,FTE,2024-10,8207,108,8315
EMP-1021,Amanda Walker,Marketing,Campaign Manager,IC3,FTE,2024-11,8207,778,8985
EMP-1021,Amanda Walker,Marketing,Campaign Manager,IC3,FTE,2024-12,8207,130,8337
EMP-1021,Amanda Walker,Marketing,Campaign Manager,IC3,FTE,2025-01,8207,723,8930
EMP-1021,Amanda Walker,Marketing,Campaign Manager,IC3,FTE,2025-02,8207,469,8676
EMP-1021,Amanda Walker,Marketing,Campaign Manager,IC3,FTE,2025-03,8207,795,9002
EMP-1021,Amanda Walker,Marketing,Campaign Manager,IC3,FTE,2025-04,8207,151,8358
EMP-1021,Amanda Walker,Marketing,Campaign Manager,IC3,FTE,2025-05,8207,487,8694
EMP-1021,Amanda Walker,Marketing,Campaign Manager,IC3,FTE,2025-06,8207,778,8985
EMP-1022,Christopher Perez,Marketing,Marketing Analyst,IC2,FTE,2023-07,6449,104,6553
EMP-1022,Christopher Perez,Marketing,Marketing Analyst,IC2,FTE,2023-08,6449,125,6574
EMP-1022,Christopher Perez,Marketing,Marketing Analyst,IC2,FTE,2023-09,6449,139,6588
EMP-1022,Christopher Perez,Marketing,Marketing Analyst,IC2,FTE,2023-10,6449,90,6539
EMP-1022,Christopher Perez,Marketing,Marketing Analyst,IC2,FTE,2023-11,6449,125,6574
EMP-1022,Christopher Perez,Marketing,Marketing Analyst,IC2,FTE,2023-12,6449,116,6565
EMP-1022,Christopher Perez,Marketing,Marketing Analyst,IC2,FTE,2024-01,6449,365,6814
EMP-1022,Christopher Perez,Marketing,Marketing Analyst,IC2,FTE,2024-02,6449,65,6514
EMP-1022,Christopher Perez,Marketing,Marketing Analyst,IC2,FTE,2024-03,6449,148,6597
EMP-1022,Christopher Perez,Marketing,Marketing Analyst,IC2,FTE,2024-04,6449,382,6831
EMP-1022,Christopher Perez,Marketing,Marketing Analyst,IC2,FTE,2024-05,6449,361,6810
EMP-1022,Christopher Perez,Marketing,Marketing Analyst,IC2,FTE,2024-06,6449,209,6658
EMP-1022,Christopher Perez,Marketing,Marketing Analyst,IC2,FTE,2024-07,6771,534,7305
EMP-1022,Christopher Perez,Marketing,Marketing Analyst,IC2,FTE,2024-08,6771,294,7065
EMP-1022,Christopher Perez,Marketing,Marketing Analyst,IC2,FTE,2024-09,6771,231,7002
EMP-1022,Christopher Perez,Marketing,Marketing Analyst,IC2,FTE,2024-10,6771,424,7195
EMP-1022,Christopher Perez,Marketing,Marketing Analyst,IC2,FTE,2024-11,6771,347,7118
EMP-1022,Christopher Perez,Marketing,Marketing Analyst,IC2,FTE,2024-12,6771,508,7279
EMP-1022,Christopher Perez,Marketing,Marketing Analyst,IC2,FTE,2025-01,6771,154,6925
EMP-1022,Christopher Perez,Marketing,Marketing Analyst,IC2,FTE,2025-02,6771,782,7553
EMP-1022,Christopher Perez,Marketing,Marketing Analyst,IC2,FTE,2025-03,6771,790,7561
EMP-1022,Christopher Perez,Marketing,Marketing Analyst,IC2,FTE,2025-04,6771,588,7359
EMP-1022,Christopher Perez,Marketing,Marketing Analyst,IC2,FTE,2025-05,6771,475,7246
EMP-1022,Christopher Perez,Marketing,Marketing Analyst,IC2,FTE,2025-06,6771,316,7087
EMP-1023,Kimberly Allen,Marketing,Content Strategist,IC2,FTE,2023-07,6787,162,6949
EMP-1023,Kimberly Allen,Marketing,Content Strategist,IC2,FTE,2023-08,6787,136,6923
EMP-1023,Kimberly Allen,Marketing,Content Strategist,IC2,FTE,2023-09,6787,32,6819
EMP-1023,Kimberly Allen,Marketing,Content Strategist,IC2,FTE,2023-10,6787,182,6969
EMP-1023,Kimberly Allen,Marketing,Content Strategist,IC2,FTE,2023-11,6787,164,6951
EMP-1023,Kimberly Allen,Marketing,Content Strategist,IC2,FTE,2023-12,6787,189,6976
EMP-1023,Kimberly Allen,Marketing,Content Strategist,IC2,FTE,2024-01,6787,304,7091
EMP-1023,Kimberly Allen,Marketing,Content Strategist,IC2,FTE,2024-02,6787,264,7051
EMP-1023,Kimberly Allen,Marketing,Content Strategist,IC2,FTE,2024-03,6787,196,6983
EMP-1023,Kimberly Allen,Marketing,Content Strategist,IC2,FTE,2024-04,6787,376,7163
EMP-1023,Kimberly Allen,Marketing,Content Strategist,IC2,FTE,2024-05,6787,353,7140
EMP-1023,Kimberly Allen,Marketing,Content Strategist,IC2,FTE,2024-06,6787,65,6852
EMP-1023,Kimberly Allen,Marketing,Content Strategist,IC2,FTE,2024-07,7126,118,7244
EMP-1023,Kimberly Allen,Marketing,Content Strategist,IC2,FTE,2024-08,7126,363,7489
EMP-1023,Kimberly Allen,Marketing,Content Strategist,IC2,FTE,2024-09,7126,667,7793
EMP-1023,Kimberly Allen,Marketing,Content Strategist,IC2,FTE,2024-10,7126,791,7917
EMP-1023,Kimberly Allen,Marketing,Content Strategist,IC2,FTE,2024-11,7126,205,7331
EMP-1023,Kimberly Allen,Marketing,Content Strategist,IC2,FTE,2024-12,7126,515,7641
EMP-1023,Kimberly Allen,Marketing,Content Strategist,IC2,FTE,2025-01,7126,366,7492
EMP-1023,Kimberly Allen,Marketing,Content Strategist,IC2,FTE,2025-02,7126,778,7904
EMP-1023,Kimberly Allen,Marketing,Content Strategist,IC2,FTE,2025-03,7126,689,7815
EMP-1023,Kimberly Allen,Marketing,Content Strategist,IC2,FTE,2025-04,7126,686,7812
EMP-1023,Kimberly Allen,Marketing,Content Strategist,IC2,FTE,2025-05,7126,428,7554
EMP-1023,Kimberly Allen,Marketing,Content Strategist,IC2,FTE,2025-06,7126,390,7516
EMP-1024,Timothy Young,Marketing,Content Strategist,IC3,FTE,2023-07,7614,54,7668
EMP-1024,Timothy Young,Marketing,Content Strategist,IC3,FTE,2023-08,7614,11,7625
EMP-1024,Timothy Young,Marketing,Content Strategist,IC3,FTE,2023-09,7614,172,7786
EMP-1024,Timothy Young,Marketing,Content Strategist,IC3,FTE,2023-10,7614,162,7776
EMP-1024,Timothy Young,Marketing,Content Strategist,IC3,FTE,2023-11,7614,199,7813
EMP-1024,Timothy Young,Marketing,Content Strategist,IC3,FTE,2023-12,7614,199,7813
EMP-1024,Timothy Young,Marketing,Content Strategist,IC3,FTE,2024-01,7614,244,7858
EMP-1024,Timothy Young,Marketing,Content Strategist,IC3,FTE,2024-02,7614,319,7933
EMP-1024,Timothy Young,Marketing,Content Strategist,IC3,FTE,2024-03,7614,380,7994
EMP-1024,Timothy Young,Marketing,Content Strategist,IC3,FTE,2024-04,7614,347,7961
EMP-1024,Timothy Young,Marketing,Content Strategist,IC3,FTE,2024-05,7614,136,7750
EMP-1024,Timothy Young,Marketing,Content Strategist,IC3,FTE,2024-06,7614,207,7821
EMP-1024,Timothy Young,Marketing,Content Strategist,IC3,FTE,2024-07,7994,190,8184
EMP-1024,Timothy Young,Marketing,Content Strategist,IC3,FTE,2024-08,7994,767,8761
EMP-1024,Timothy Young,Marketing,Content Strategist,IC3,FTE,2024-09,7994,524,8518
EMP-1024,Timothy Young,Marketing,Content Strategist,IC3,FTE,2024-10,7994,260,8254
EMP-1024,Timothy Young,Marketing,Content Strategist,IC3,FTE,2024-11,7994,570,8564
EMP-1024,Timothy Young,Marketing,Content Strategist,IC3,FTE,2024-12,7994,532,8526
EMP-1024,Timothy Young,Marketing,Content Strategist,IC3,FTE,2025-01,7994,350,8344
EMP-1024,Timothy Young,Marketing,Content Strategist,IC3,FTE,2025-02,7994,179,8173
EMP-1024,Timothy Young,Marketing,Content Strategist,IC3,FTE,2025-03,7994,570,8564
EMP-1024,Timothy Young,Marketing,Content Strategist,IC3,FTE,2025-04,7994,464,8458
EMP-1024,Timothy Young,Marketing,Content Strategist,IC3,FTE,2025-05,7994,640,8634
EMP-1024,Timothy Young,Marketing,Content Strategist,IC3,FTE,2025-06,7994,464,8458
EMP-1025,Carol Ramirez,Sales,Account Executive,IC3,FTE,2023-07,8161,170,8331
EMP-1025,Carol Ramirez,Sales,Account Executive,IC3,FTE,2023-08,8161,110,8271
EMP-1025,Carol Ramirez,Sales,Account Executive,IC3,FTE,2023-09,8161,112,8273
EMP-1025,Carol Ramirez,Sales,Account Executive,IC3,FTE,2023-10,8161,175,8336
EMP-1025,Carol Ramirez,Sales,Account Executive,IC3,FTE,2023-11,8161,80,8241
EMP-1025,Carol Ramirez,Sales,Account Executive,IC3,FTE,2023-12,8161,26,8187
EMP-1025,Carol Ramirez,Sales,Account Executive,IC3,FTE,2024-01,8161,60,8221
EMP-1025,Carol Ramirez,Sales,Account Executive,IC3,FTE,2024-02,8161,314,8475
EMP-1025,Carol Ramirez,Sales,Account Executive,IC3,FTE,2024-03,8161,267,8428
EMP-1025,Carol Ramirez,Sales,Account Executive,IC3,FTE,2024-04,8161,296,8457
EMP-1025,Carol Ramirez,Sales,Account Executive,IC3,FTE,2024-05,8161,124,8285
EMP-1025,Carol Ramirez,Sales,Account Executive,IC3,FTE,2024-06,8161,97,8258
EMP-1025,Carol Ramirez,Sales,Account Executive,IC3,FTE,2024-07,8569,110,8679
EMP-1025,Carol Ramirez,Sales,Account Executive,IC3,FTE,2024-08,8569,345,8914
EMP-1025,Carol Ramirez,Sales,Account Executive,IC3,FTE,2024-09,8569,512,9081
EMP-1025,Carol Ramirez,Sales,Account Executive,IC3,FTE,2024-10,8569,374,8943
EMP-1025,Carol Ramirez,Sales,Account Executive,IC3,FTE,2024-11,8569,406,8975
EMP-1025,Carol Ramirez,Sales,Account Executive,IC3,FTE,2024-12,8569,732,9301
EMP-1025,Carol Ramirez,Sales,Account Executive,IC3,FTE,2025-01,8569,343,8912
EMP-1025,Carol Ramirez,Sales,Account Executive,IC3,FTE,2025-02,8569,459,9028
EMP-1025,Carol Ramirez,Sales,Account Executive,IC3,FTE,2025-03,8569,648,9217
EMP-1025,Carol Ramirez,Sales,Account Executive,IC3,FTE,2025-04,8569,377,8946
EMP-1025,Carol Ramirez,Sales,Account Executive,IC3,FTE,2025-05,8569,535,9104
EMP-1025,Carol Ramirez,Sales,Account Executive,IC3,FTE,2025-06,8569,703,9272
EMP-1026,Donald Roberts,Sales,Account Executive,IC4,FTE,2023-07,11476,189,11665
EMP-1026,Donald Roberts,Sales,Account Executive,IC4,FTE,2023-08,11476,29,11505
EMP-1026,Donald Roberts,Sales,Account Executive,IC4,FTE,2023-09,11476,185,11661
EMP-1026,Donald Roberts,Sales,Account Executive,IC4,FTE,2023-10,11476,98,11574
EMP-1026,Donald Roberts,Sales,Account Executive,IC4,FTE,2023-11,11476,51,11527
EMP-1026,Donald Roberts,Sales,Account Executive,IC4,FTE,2023-12,11476,91,11567
EMP-1026,Donald Roberts,Sales,Account Executive,IC4,FTE,2024-01,11476,393,11869
EMP-1026,Donald Roberts,Sales,Account Executive,IC4,FTE,2024-02,11476,222,11698
EMP-1026,Donald Roberts,Sales,Account Executive,IC4,FTE,2024-03,11476,165,11641
EMP-1026,Donald Roberts,Sales,Account Executive,IC4,FTE,2024-04,11476,271,11747
EMP-1026,Donald Roberts,Sales,Account Executive,IC4,FTE,2024-05,11476,134,11610
EMP-1026,Donald Roberts,Sales,Account Executive,IC4,FTE,2024-06,11476,76,11552
EMP-1026,Donald Roberts,Sales,Account Executive,IC4,FTE,2024-07,12049,190,12239
EMP-1026,Donald Roberts,Sales,Account Executive,IC4,FTE,2024-08,12049,189,12238
EMP-1026,Donald Roberts,Sales,Account Executive,IC4,FTE,2024-09,12049,206,12255
EMP-1026,Donald Roberts,Sales,Account Executive,IC4,FTE,2024-10,12049,197,12246
EMP-1026,Donald Roberts,Sales,Account Executive,IC4,FTE,2024-11,12049,548,12597
EMP-1026,Donald Roberts,Sales,Account Executive,IC4,FTE,2024-12,12049,227,12276
EMP-1026,Donald Roberts,Sales,Account Executive,IC4,FTE,2025-01,12049,341,12390
EMP-1026,Donald Roberts,Sales,Account Executive,IC4,FTE,2025-02,12049,727,12776
EMP-1026,Donald Roberts,Sales,Account Executive,IC4,FTE,2025-03,12049,431,12480
EMP-1026,Donald Roberts,Sales,Account Executive,IC4,FTE,2025-04,12049,567,12616
EMP-1026,Donald Roberts,Sales,Account Executive,IC4,FTE,2025-05,12049,220,12269
EMP-1026,Donald Roberts,Sales,Account Executive,IC4,FTE,2025-06,12049,234,12283
EMP-1027,Mark Lopez,Sales,Sales Manager,M1,FTE,2023-07,13236,8,13244
EMP-1027,Mark Lopez,Sales,Sales Manager,M1,FTE,2023-08,13236,33,13269
EMP-1027,Mark Lopez,Sales,Sales Manager,M1,FTE,2023-09,13236,55,13291
EMP-1027,Mark Lopez,Sales,Sales Manager,M1,FTE,2023-10,13236,35,13271
EMP-1027,Mark Lopez,Sales,Sales Manager,M1,FTE,2023-11,13236,17,13253
EMP-1027,Mark Lopez,Sales,Sales Manager,M1,FTE,2023-12,13236,24,13260
EMP-1027,Mark Lopez,Sales,Sales Manager,M1,FTE,2024-01,13236,211,13447
EMP-1027,Mark Lopez,Sales,Sales Manager,M1,FTE,2024-02,13236,122,13358
EMP-1027,Mark Lopez,Sales,Sales Manager,M1,FTE,2024-03,13236,177,13413
EMP-1027,Mark Lopez,Sales,Sales Manager,M1,FTE,2024-04,13236,226,13462
EMP-1027,Mark Lopez,Sales,Sales Manager,M1,FTE,2024-05,13236,291,13527
EMP-1027,Mark Lopez,Sales,Sales Manager,M1,FTE,2024-06,13236,63,13299
EMP-1027,Mark Lopez,Sales,Sales Manager,M1,FTE,2024-07,13897,659,14556
EMP-1027,Mark Lopez,Sales,Sales Manager,M1,FTE,2024-08,13897,539,14436
EMP-1027,Mark Lopez,Sales,Sales Manager,M1,FTE,2024-09,13897,157,14054
EMP-1027,Mark Lopez,Sales,Sales Manager,M1,FTE,2024-10,13897,711,14608
EMP-1027,Mark Lopez,Sales,Sales Manager,M1,FTE,2024-11,13897,744,14641
EMP-1027,Mark Lopez,Sales,Sales Manager,M1,FTE,2024-12,13897,142,14039
EMP-1027,Mark Lopez,Sales,Sales Manager,M1,FTE,2025-01,13897,293,14190
EMP-1027,Mark Lopez,Sales,Sales Manager,M1,FTE,2025-02,13897,664,14561
EMP-1027,Mark Lopez,Sales,Sales Manager,M1,FTE,2025-03,13897,623,14520
EMP-1027,Mark Lopez,Sales,Sales Manager,M1,FTE,2025-04,13897,229,14126
EMP-1027,Mark Lopez,Sales,Sales Manager,M1,FTE,2025-05,13897,246,14143
EMP-1027,Mark Lopez,Sales,Sales Manager,M1,FTE,2025-06,13897,359,14256
EMP-1028,Charles Clark,Sales,SDR,IC1,FTE,2023-07,5512,96,5608
EMP-1028,Charles Clark,Sales,SDR,IC1,FTE,2023-08,5512,123,5635
EMP-1028,Charles Clark,Sales,SDR,IC1,FTE,2023-09,5512,73,5585
EMP-1028,Charles Clark,Sales,SDR,IC1,FTE,2023-10,5512,92,5604
EMP-1028,Charles Clark,Sales,SDR,IC1,FTE,2023-11,5512,149,5661
EMP-1028,Charles Clark,Sales,SDR,IC1,FTE,2023-12,5512,7,5519
EMP-1028,Charles Clark,Sales,SDR,IC1,FTE,2024-01,5512,138,5650
EMP-1028,Charles Clark,Sales,SDR,IC1,FTE,2024-02,5512,299,5811
EMP-1028,Charles Clark,Sales,SDR,IC1,FTE,2024-03,5512,363,5875
EMP-1028,Charles Clark,Sales,SDR,IC1,FTE,2024-04,5512,229,5741
EMP-1028,Charles Clark,Sales,SDR,IC1,FTE,2024-05,5512,236,5748
EMP-1028,Charles Clark,Sales,SDR,IC1,FTE,2024-06,5512,87,5599
EMP-1028,Charles Clark,Sales,SDR,IC1,FTE,2024-07,5787,413,6200
EMP-1028,Charles Clark,Sales,SDR,IC1,FTE,2024-08,5787,472,6259
EMP-1028,Charles Clark,Sales,SDR,IC1,FTE,2024-09,5787,269,6056
EMP-1028,Charles Clark,Sales,SDR,IC1,FTE,2024-10,5787,288,6075
EMP-1028,Charles Clark,Sales,SDR,IC1,FTE,2024-11,5787,364,6151
EMP-1028,Charles Clark,Sales,SDR,IC1,FTE,2024-12,5787,114,5901
EMP-1028,Charles Clark,Sales,SDR,IC1,FTE,2025-01,5787,325,6112
EMP-1028,Charles Clark,Sales,SDR,IC1,FTE,2025-02,5787,248,6035
EMP-1028,Charles Clark,Sales,SDR,IC1,FTE,2025-03,5787,329,6116
EMP-1028,Charles Clark,Sales,SDR,IC1,FTE,2025-04,5787,183,5970
EMP-1028,Charles Clark,Sales,SDR,IC1,FTE,2025-05,5787,723,6510
EMP-1028,Charles Clark,Sales,SDR,IC1,FTE,2025-06,5787,515,6302
EMP-1029,Daniel Lee,Sales,SDR,IC2,FTE,2023-07,6519,135,6654
EMP-1029,Daniel Lee,Sales,SDR,IC2,FTE,2023-08,6519,157,6676
EMP-1029,Daniel Lee,Sales,SDR,IC2,FTE,2023-09,6519,99,6618
EMP-1029,Daniel Lee,Sales,SDR,IC2,FTE,2023-10,6519,17,6536
EMP-1029,Daniel Lee,Sales,SDR,IC2,FTE,2023-11,6519,107,6626
EMP-1029,Daniel Lee,Sales,SDR,IC2,FTE,2023-12,6519,117,6636
EMP-1029,Daniel Lee,Sales,SDR,IC2,FTE,2024-01,6519,310,6829
EMP-1029,Daniel Lee,Sales,SDR,IC2,FTE,2024-02,6519,201,6720
EMP-1029,Daniel Lee,Sales,SDR,IC2,FTE,2024-03,6519,94,6613
EMP-1029,Daniel Lee,Sales,SDR,IC2,FTE,2024-04,6519,149,6668
EMP-1029,Daniel Lee,Sales,SDR,IC2,FTE,2024-05,6519,177,6696
EMP-1029,Daniel Lee,Sales,SDR,IC2,FTE,2024-06,6519,276,6795
EMP-1029,Daniel Lee,Sales,SDR,IC2,FTE,2024-07,6844,499,7343
EMP-1029,Daniel Lee,Sales,SDR,IC2,FTE,2024-08,6844,349,7193
EMP-1029,Daniel Lee,Sales,SDR,IC2,FTE,2024-09,6844,790,7634
EMP-1029,Daniel Lee,Sales,SDR,IC2,FTE,2024-10,6844,524,7368
EMP-1029,Daniel Lee,Sales,SDR,IC2,FTE,2024-11,6844,266,7110
EMP-1029,Daniel Lee,Sales,SDR,IC2,FTE,2024-12,6844,171,7015
EMP-1029,Daniel Lee,Sales,SDR,IC2,FTE,2025-01,6844,207,7051
EMP-1029,Daniel Lee,Sales,SDR,IC2,FTE,2025-02,6844,272,7116
EMP-1029,Daniel Lee,Sales,SDR,IC2,FTE,2025-03,6844,212,7056
EMP-1029,Daniel Lee,Sales,SDR,IC2,FTE,2025-04,6844,230,7074
EMP-1029,Daniel Lee,Sales,SDR,IC2,FTE,2025-05,6844,299,7143
EMP-1029,Daniel Lee,Sales,SDR,IC2,FTE,2025-06,6844,221,7065
EMP-1030,Kevin King,Sales,Enterprise Rep,IC4,FTE,2023-07,12391,179,12570
EMP-1030,Kevin King,Sales,Enterprise Rep,IC4,FTE,2023-08,12391,16,12407
EMP-1030,Kevin King,Sales,Enterprise Rep,IC4,FTE,2023-09,12391,104,12495
EMP-1030,Kevin King,Sales,Enterprise Rep,IC4,FTE,2023-10,12391,82,12473
EMP-1030,Kevin King,Sales,Enterprise Rep,IC4,FTE,2023-11,12391,196,12587
EMP-1030,Kevin King,Sales,Enterprise Rep,IC4,FTE,2023-12,12391,22,12413
EMP-1030,Kevin King,Sales,Enterprise Rep,IC4,FTE,2024-01,12391,189,12580
EMP-1030,Kevin King,Sales,Enterprise Rep,IC4,FTE,2024-02,12391,389,12780
EMP-1030,Kevin King,Sales,Enterprise Rep,IC4,FTE,2024-03,12391,352,12743
EMP-1030,Kevin King,Sales,Enterprise Rep,IC4,FTE,2024-04,12391,335,12726
EMP-1030,Kevin King,Sales,Enterprise Rep,IC4,FTE,2024-05,12391,140,12531
EMP-1030,Kevin King,Sales,Enterprise Rep,IC4,FTE,2024-06,12391,109,12500
EMP-1030,Kevin King,Sales,Enterprise Rep,IC4,FTE,2024-07,13010,568,13578
EMP-1030,Kevin King,Sales,Enterprise Rep,IC4,FTE,2024-08,13010,750,13760
EMP-1030,Kevin King,Sales,Enterprise Rep,IC4,FTE,2024-09,13010,489,13499
EMP-1030,Kevin King,Sales,Enterprise Rep,IC4,FTE,2024-10,13010,500,13510
EMP-1030,Kevin King,Sales,Enterprise Rep,IC4,FTE,2024-11,13010,295,13305
EMP-1030,Kevin King,Sales,Enterprise Rep,IC4,FTE,2024-12,13010,638,13648
EMP-1030,Kevin King,Sales,Enterprise Rep,IC4,FTE,2025-01,13010,230,13240
EMP-1030,Kevin King,Sales,Enterprise Rep,IC4,FTE,2025-02,13010,326,13336
EMP-1030,Kevin King,Sales,Enterprise Rep,IC4,FTE,2025-03,13010,397,13407
EMP-1030,Kevin King,Sales,Enterprise Rep,IC4,FTE,2025-04,13010,455,13465
EMP-1030,Kevin King,Sales,Enterprise Rep,IC4,FTE,2025-05,13010,269,13279
EMP-1030,Kevin King,Sales,Enterprise Rep,IC4,FTE,2025-06,13010,180,13190
EMP-1031,George Rodriguez,Sales,Sales Engineer,IC3,FTE,2024-05,10494,263,10757
EMP-1031,George Rodriguez,Sales,Sales Engineer,IC3,FTE,2024-06,10494,151,10645
EMP-1031,George Rodriguez,Sales,Sales Engineer,IC3,FTE,2024-07,11018,506,11524
EMP-1031,George Rodriguez,Sales,Sales Engineer,IC3,FTE,2024-08,11018,208,11226
EMP-1031,George Rodriguez,Sales,Sales Engineer,IC3,FTE,2024-09,11018,436,11454
EMP-1031,George Rodriguez,Sales,Sales Engineer,IC3,FTE,2024-10,11018,472,11490
EMP-1031,George Rodriguez,Sales,Sales Engineer,IC3,FTE,2024-11,11018,136,11154
EMP-1031,George Rodriguez,Sales,Sales Engineer,IC3,FTE,2024-12,11018,335,11353
EMP-1031,George Rodriguez,Sales,Sales Engineer,IC3,FTE,2025-01,11018,194,11212
EMP-1031,George Rodriguez,Sales,Sales Engineer,IC3,FTE,2025-02,11018,144,11162
EMP-1031,George Rodriguez,Sales,Sales Engineer,IC3,FTE,2025-03,11018,792,11810
EMP-1031,George Rodriguez,Sales,Sales Engineer,IC3,FTE,2025-04,11018,325,11343
EMP-1031,George Rodriguez,Sales,Sales Engineer,IC3,FTE,2025-05,11018,666,11684
EMP-1031,George Rodriguez,Sales,Sales Engineer,IC3,FTE,2025-06,11018,278,11296
EMP-1032,Andrew Mitchell,Sales,Account Manager,IC3,FTE,2023-07,8123,136,8259
EMP-1032,Andrew Mitchell,Sales,Account Manager,IC3,FTE,2023-08,8123,152,8275
EMP-1032,Andrew Mitchell,Sales,Account Manager,IC3,FTE,2023-09,8123,119,8242
EMP-1032,Andrew Mitchell,Sales,Account Manager,IC3,FTE,2023-10,8123,94,8217
EMP-1032,Andrew Mitchell,Sales,Account Manager,IC3,FTE,2023-11,8123,82,8205
EMP-1032,Andrew Mitchell,Sales,Account Manager,IC3,FTE,2023-12,8123,69,8192
EMP-1032,Andrew Mitchell,Sales,Account Manager,IC3,FTE,2024-01,8123,375,8498
EMP-1032,Andrew Mitchell,Sales,Account Manager,IC3,FTE,2024-02,8123,340,8463
EMP-1032,Andrew Mitchell,Sales,Account Manager,IC3,FTE,2024-03,8123,387,8510
EMP-1032,Andrew Mitchell,Sales,Account Manager,IC3,FTE,2024-04,8123,93,8216
EMP-1032,Andrew Mitchell,Sales,Account Manager,IC3,FTE,2024-05,8123,305,8428
EMP-1032,Andrew Mitchell,Sales,Account Manager,IC3,FTE,2024-06,8123,378,8501
EMP-1032,Andrew Mitchell,Sales,Account Manager,IC3,FTE,2024-07,8529,226,8755
EMP-1032,Andrew Mitchell,Sales,Account Manager,IC3,FTE,2024-08,8529,146,8675
EMP-1032,Andrew Mitchell,Sales,Account Manager,IC3,FTE,2024-09,8529,618,9147
EMP-1032,Andrew Mitchell,Sales,Account Manager,IC3,FTE,2024-10,8529,502,9031
EMP-1032,Andrew Mitchell,Sales,Account Manager,IC3,FTE,2024-11,8529,689,9218
EMP-1032,Andrew Mitchell,Sales,Account Manager,IC3,FTE,2024-12,8529,197,8726
EMP-1032,Andrew Mitchell,Sales,Account Manager,IC3,FTE,2025-01,8529,656,9185
EMP-1032,Andrew Mitchell,Sales,Account Manager,IC3,FTE,2025-02,8529,241,8770
EMP-1032,Andrew Mitchell,Sales,Account Manager,IC3,FTE,2025-03,8529,214,8743
EMP-1032,Andrew Mitchell,Sales,Account Manager,IC3,FTE,2025-04,8529,214,8743
EMP-1032,Andrew Mitchell,Sales,Account Manager,IC3,FTE,2025-05,8529,670,9199
EMP-1032,Andrew Mitchell,Sales,Account Manager,IC3,FTE,2025-06,8529,565,9094
EMP-1033,Steven Miller,Sales,Account Executive,IC3,Contractor,2023-07,8382,418,8800
EMP-1033,Steven Miller,Sales,Account Executive,IC3,Contractor,2023-08,8382,287,8669
EMP-1033,Steven Miller,Sales,Account Executive,IC3,Contractor,2023-09,8382,701,9083
EMP-1033,Steven Miller,Sales,Account Executive,IC3,Contractor,2023-10,8382,313,8695
EMP-1033,Steven Miller,Sales,Account Executive,IC3,Contractor,2023-11,8382,653,9035
EMP-1033,Steven Miller,Sales,Account Executive,IC3,Contractor,2023-12,8382,351,8733
EMP-1033,Steven Miller,Sales,Account Executive,IC3,Contractor,2024-01,8382,301,8683
EMP-1033,Steven Miller,Sales,Account Executive,IC3,Contractor,2024-02,8382,370,8752
EMP-1033,Steven Miller,Sales,Account Executive,IC3,Contractor,2024-03,8382,241,8623
EMP-1033,Steven Miller,Sales,Account Executive,IC3,Contractor,2024-04,8382,598,8980
EMP-1033,Steven Miller,Sales,Account Executive,IC3,Contractor,2024-05,8382,402,8784
EMP-1033,Steven Miller,Sales,Account Executive,IC3,Contractor,2024-06,8382,185,8567
EMP-1033,Steven Miller,Sales,Account Executive,IC3,Contractor,2024-07,8382,719,9101
EMP-1033,Steven Miller,Sales,Account Executive,IC3,Contractor,2024-08,8382,307,8689
EMP-1033,Steven Miller,Sales,Account Executive,IC3,Contractor,2024-09,8382,434,8816
EMP-1033,Steven Miller,Sales,Account Executive,IC3,Contractor,2024-10,9639,725,10364
EMP-1033,Steven Miller,Sales,Account Executive,IC3,Contractor,2024-11,9639,936,10575
EMP-1033,Steven Miller,Sales,Account Executive,IC3,Contractor,2024-12,9639,175,9814
EMP-1033,Steven Miller,Sales,Account Executive,IC3,Contractor,2025-01,9639,1409,11048
EMP-1033,Steven Miller,Sales,Account Executive,IC3,Contractor,2025-02,9639,941,10580
EMP-1033,Steven Miller,Sales,Account Executive,IC3,Contractor,2025-03,9639,502,10141
EMP-1033,Steven Miller,Sales,Account Executive,IC3,Contractor,2025-04,9639,208,9847
EMP-1033,Steven Miller,Sales,Account Executive,IC3,Contractor,2025-05,9639,1191,10830
EMP-1033,Steven Miller,Sales,Account Executive,IC3,Contractor,2025-06,9639,930,10569
EMP-1034,Brian Baker,Sales,Account Executive,IC4,FTE,2023-07,11052,106,11158
EMP-1034,Brian Baker,Sales,Account Executive,IC4,FTE,2023-08,11052,178,11230
EMP-1034,Brian Baker,Sales,Account Executive,IC4,FTE,2023-09,11052,157,11209
EMP-1034,Brian Baker,Sales,Account Executive,IC4,FTE,2023-10,11052,30,11082
EMP-1034,Brian Baker,Sales,Account Executive,IC4,FTE,2023-11,11052,62,11114
EMP-1034,Brian Baker,Sales,Account Executive,IC4,FTE,2023-12,11052,49,11101
EMP-1034,Brian Baker,Sales,Account Executive,IC4,FTE,2024-01,11052,310,11362
EMP-1034,Brian Baker,Sales,Account Executive,IC4,FTE,2024-02,11052,61,11113
EMP-1034,Brian Baker,Sales,Account Executive,IC4,FTE,2024-03,11052,249,11301
EMP-1034,Brian Baker,Sales,Account Executive,IC4,FTE,2024-04,11052,316,11368
EMP-1034,Brian Baker,Sales,Account Executive,IC4,FTE,2024-05,11052,356,11408
EMP-1034,Brian Baker,Sales,Account Executive,IC4,FTE,2024-06,11052,169,11221
EMP-1034,Brian Baker,Sales,Account Executive,IC4,FTE,2024-07,11604,674,12278
EMP-1034,Brian Baker,Sales,Account Executive,IC4,FTE,2024-08,11604,177,11781
EMP-1034,Brian Baker,Sales,Account Executive,IC4,FTE,2024-09,11604,692,12296
EMP-1034,Brian Baker,Sales,Account Executive,IC4,FTE,2024-10,11604,189,11793
EMP-1034,Brian Baker,Sales,Account Executive,IC4,FTE,2024-11,11604,378,11982
EMP-1034,Brian Baker,Sales,Account Executive,IC4,FTE,2024-12,11604,658,12262
EMP-1034,Brian Baker,Sales,Account Executive,IC4,FTE,2025-01,11604,204,11808
EMP-1034,Brian Baker,Sales,Account Executive,IC4,FTE,2025-02,11604,260,11864
EMP-1034,Brian Baker,Sales,Account Executive,IC4,FTE,2025-03,11604,605,12209
EMP-1034,Brian Baker,Sales,Account Executive,IC4,FTE,2025-04,11604,604,12208
EMP-1034,Brian Baker,Sales,Account Executive,IC4,FTE,2025-05,11604,548,12152
EMP-1034,Brian Baker,Sales,Account Executive,IC4,FTE,2025-06,11604,585,12189
EMP-1035,Susan Campbell,Design,Product Designer,IC3,FTE,2023-07,9444,108,9552
EMP-1035,Susan Campbell,Design,Product Designer,IC3,FTE,2023-08,9444,50,9494
EMP-1035,Susan Campbell,Design,Product Designer,IC3,FTE,2023-09,9444,69,9513
EMP-1035,Susan Campbell,Design,Product Designer,IC3,FTE,2023-10,9444,36,9480
EMP-1035,Susan Campbell,Design,Product Designer,IC3,FTE,2023-11,9444,181,9625
EMP-1035,Susan Campbell,Design,Product Designer,IC3,FTE,2023-12,9444,116,9560
EMP-1035,Susan Campbell,Design,Product Designer,IC3,FTE,2024-01,9444,190,9634
EMP-1035,Susan Campbell,Design,Product Designer,IC3,FTE,2024-02,9444,211,9655
EMP-1035,Susan Campbell,Design,Product Designer,IC3,FTE,2024-03,9444,381,9825
EMP-1035,Susan Campbell,Design,Product Designer,IC3,FTE,2024-04,9444,103,9547
EMP-1035,Susan Campbell,Design,Product Designer,IC3,FTE,2024-05,9444,255,9699
EMP-1035,Susan Campbell,Design,Product Designer,IC3,FTE,2024-06,9444,227,9671
EMP-1035,Susan Campbell,Design,Product Designer,IC3,FTE,2024-07,9916,528,10444
EMP-1035,Susan Campbell,Design,Product Designer,IC3,FTE,2024-08,9916,112,10028
EMP-1035,Susan Campbell,Design,Product Designer,IC3,FTE,2024-09,9916,710,10626
EMP-1035,Susan Campbell,Design,Product Designer,IC3,FTE,2024-10,9916,752,10668
EMP-1035,Susan Campbell,Design,Product Designer,IC3,FTE,2024-11,9916,495,10411
EMP-1035,Susan Campbell,Design,Product Designer,IC3,FTE,2024-12,9916,587,10503
EMP-1035,Susan Campbell,Design,Product Designer,IC3,FTE,2025-01,9916,745,10661
EMP-1035,Susan Campbell,Design,Product Designer,IC3,FTE,2025-02,9916,595,10511
EMP-1035,Susan Campbell,Design,Product Designer,IC3,FTE,2025-03,9916,206,10122
EMP-1035,Susan Campbell,Design,Product Designer,IC3,FTE,2025-04,9916,503,10419
EMP-1035,Susan Campbell,Design,Product Designer,IC3,FTE,2025-05,9916,524,10440
EMP-1035,Susan Campbell,Design,Product Designer,IC3,FTE,2025-06,9916,396,10312
EMP-1036,Deborah Hall,Design,Product Designer,IC4,FTE,2023-07,11000,147,11147
EMP-1036,Deborah Hall,Design,Product Designer,IC4,FTE,2023-08,11000,186,11186
EMP-1036,Deborah Hall,Design,Product Designer,IC4,FTE,2023-09,11000,185,11185
EMP-1036,Deborah Hall,Design,Product Designer,IC4,FTE,2023-10,11000,90,11090
EMP-1036,Deborah Hall,Design,Product Designer,IC4,FTE,2023-11,11000,22,11022
EMP-1036,Deborah Hall,Design,Product Designer,IC4,FTE,2023-12,11000,196,11196
EMP-1036,Deborah Hall,Design,Product Designer,IC4,FTE,2024-01,11000,343,11343
EMP-1036,Deborah Hall,Design,Product Designer,IC4,FTE,2024-02,11000,93,11093
EMP-1036,Deborah Hall,Design,Product Designer,IC4,FTE,2024-03,11000,372,11372
EMP-1036,Deborah Hall,Design,Product Designer,IC4,FTE,2024-04,11000,354,11354
EMP-1036,Deborah Hall,Design,Product Designer,IC4,FTE,2024-05,11000,231,11231
EMP-1036,Deborah Hall,Design,Product Designer,IC4,FTE,2024-06,11000,256,11256
EMP-1036,Deborah Hall,Design,Product Designer,IC4,FTE,2024-07,11550,379,11929
EMP-1036,Deborah Hall,Design,Product Designer,IC4,FTE,2024-08,11550,138,11688
EMP-1036,Deborah Hall,Design,Product Designer,IC4,FTE,2024-09,11550,334,11884
EMP-1036,Deborah Hall,Design,Product Designer,IC4,FTE,2024-10,11550,661,12211
EMP-1036,Deborah Hall,Design,Product Designer,IC4,FTE,2024-11,11550,103,11653
EMP-1036,Deborah Hall,Design,Product Designer,IC4,FTE,2024-12,11550,333,11883
EMP-1036,Deborah Hall,Design,Product Designer,IC4,FTE,2025-01,11550,378,11928
EMP-1036,Deborah Hall,Design,Product Designer,IC4,FTE,2025-02,11550,476,12026
EMP-1036,Deborah Hall,Design,Product Designer,IC4,FTE,2025-03,11550,743,12293
EMP-1036,Deborah Hall,Design,Product Designer,IC4,FTE,2025-04,11550,342,11892
EMP-1036,Deborah Hall,Design,Product Designer,IC4,FTE,2025-05,11550,342,11892
EMP-1036,Deborah Hall,Design,Product Designer,IC4,FTE,2025-06,11550,616,12166
EMP-1037,Melissa Anderson,Design,UX Researcher,IC3,FTE,2023-07,8800,90,8890
EMP-1037,Melissa Anderson,Design,UX Researcher,IC3,FTE,2023-08,8800,44,8844
EMP-1037,Melissa Anderson,Design,UX Researcher,IC3,FTE,2023-09,8800,90,8890
EMP-1037,Melissa Anderson,Design,UX Researcher,IC3,FTE,2023-10,8800,28,8828
EMP-1037,Melissa Anderson,Design,UX Researcher,IC3,FTE,2023-11,8800,35,8835
EMP-1037,Melissa Anderson,Design,UX Researcher,IC3,FTE,2023-12,8800,99,8899
EMP-1037,Melissa Anderson,Design,UX Researcher,IC3,FTE,2024-01,8800,196,8996
EMP-1037,Melissa Anderson,Design,UX Researcher,IC3,FTE,2024-02,8800,370,9170
EMP-1037,Melissa Anderson,Design,UX Researcher,IC3,FTE,2024-03,8800,176,8976
EMP-1037,Melissa Anderson,Design,UX Researcher,IC3,FTE,2024-04,8800,253,9053
EMP-1037,Melissa Anderson,Design,UX Researcher,IC3,FTE,2024-05,8800,271,9071
EMP-1037,Melissa Anderson,Design,UX Researcher,IC3,FTE,2024-06,8800,54,8854
EMP-1037,Melissa Anderson,Design,UX Researcher,IC3,FTE,2024-07,9240,564,9804
EMP-1037,Melissa Anderson,Design,UX Researcher,IC3,FTE,2024-08,9240,224,9464
EMP-1037,Melissa Anderson,Design,UX Researcher,IC3,FTE,2024-09,9240,772,10012
EMP-1037,Melissa Anderson,Design,UX Researcher,IC3,FTE,2024-10,9240,204,9444
EMP-1037,Melissa Anderson,Design,UX Researcher,IC3,FTE,2024-11,9240,390,9630
EMP-1037,Melissa Anderson,Design,UX Researcher,IC3,FTE,2024-12,9240,159,9399
EMP-1037,Melissa Anderson,Design,UX Researcher,IC3,FTE,2025-01,9240,797,10037
EMP-1037,Melissa Anderson,Design,UX Researcher,IC3,FTE,2025-02,9240,451,9691
EMP-1037,Melissa Anderson,Design,UX Researcher,IC3,FTE,2025-03,9240,516,9756
EMP-1037,Melissa Anderson,Design,UX Researcher,IC3,FTE,2025-04,9240,146,9386
EMP-1037,Melissa Anderson,Design,UX Researcher,IC3,FTE,2025-05,9240,624,9864
EMP-1037,Melissa Anderson,Design,UX Researcher,IC3,FTE,2025-06,9240,246,9486
EMP-1038,John Williams,Design,Design Manager,M1,Contractor,2023-07,13451,718,14169
EMP-1038,John Williams,Design,Design Manager,M1,Contractor,2023-08,13451,164,13615
EMP-1038,John Williams,Design,Design Manager,M1,Contractor,2023-09,13451,152,13603
EMP-1038,John Williams,Design,Design Manager,M1,Contractor,2023-10,13451,29,13480
EMP-1038,John Williams,Design,Design Manager,M1,Contractor,2023-11,13451,377,13828
EMP-1038,John Williams,Design,Design Manager,M1,Contractor,2023-12,13451,451,13902
EMP-1038,John Williams,Design,Design Manager,M1,Contractor,2024-01,13451,52,13503
EMP-1038,John Williams,Design,Design Manager,M1,Contractor,2024-02,13451,620,14071
EMP-1038,John Williams,Design,Design Manager,M1,Contractor,2024-03,13451,362,13813
EMP-1038,John Williams,Design,Design Manager,M1,Contractor,2024-04,13451,419,13870
EMP-1038,John Williams,Design,Design Manager,M1,Contractor,2024-05,13451,352,13803
EMP-1038,John Williams,Design,Design Manager,M1,Contractor,2024-06,13451,320,13771
EMP-1038,John Williams,Design,Design Manager,M1,Contractor,2024-07,13451,447,13898
EMP-1038,John Williams,Design,Design Manager,M1,Contractor,2024-08,13451,124,13575
EMP-1038,John Williams,Design,Design Manager,M1,Contractor,2024-09,13451,145,13596
EMP-1038,John Williams,Design,Design Manager,M1,Contractor,2024-10,15468,689,16157
EMP-1038,John Williams,Design,Design Manager,M1,Contractor,2024-11,15468,1419,16887
EMP-1038,John Williams,Design,Design Manager,M1,Contractor,2024-12,15468,559,16027
EMP-1038,John Williams,Design,Design Manager,M1,Contractor,2025-01,15468,406,15874
EMP-1038,John Williams,Design,Design Manager,M1,Contractor,2025-02,15468,965,16433
EMP-1038,John Williams,Design,Design Manager,M1,Contractor,2025-03,15468,613,16081
EMP-1038,John Williams,Design,Design Manager,M1,Contractor,2025-04,15468,38,15506
EMP-1038,John Williams,Design,Design Manager,M1,Contractor,2025-05,15468,234,15702
EMP-1038,John Williams,Design,Design Manager,M1,Contractor,2025-06,15468,1073,16541
EMP-1039,Margaret Jones,Design,Visual Designer,IC2,FTE,2023-07,7351,131,7482
EMP-1039,Margaret Jones,Design,Visual Designer,IC2,FTE,2023-08,7351,5,7356
EMP-1039,Margaret Jones,Design,Visual Designer,IC2,FTE,2023-09,7351,44,7395
EMP-1039,Margaret Jones,Design,Visual Designer,IC2,FTE,2023-10,7351,46,7397
EMP-1039,Margaret Jones,Design,Visual Designer,IC2,FTE,2023-11,7351,134,7485
EMP-1039,Margaret Jones,Design,Visual Designer,IC2,FTE,2023-12,7351,3,7354
EMP-1039,Margaret Jones,Design,Visual Designer,IC2,FTE,2024-01,7351,86,7437
EMP-1039,Margaret Jones,Design,Visual Designer,IC2,FTE,2024-02,7351,329,7680
EMP-1039,Margaret Jones,Design,Visual Designer,IC2,FTE,2024-03,7351,112,7463
EMP-1039,Margaret Jones,Design,Visual Designer,IC2,FTE,2024-04,7351,278,7629
EMP-1039,Margaret Jones,Design,Visual Designer,IC2,FTE,2024-05,7351,133,7484
EMP-1039,Margaret Jones,Design,Visual Designer,IC2,FTE,2024-06,7351,84,7435
EMP-1039,Margaret Jones,Design,Visual Designer,IC2,FTE,2024-07,7718,270,7988
EMP-1039,Margaret Jones,Design,Visual Designer,IC2,FTE,2024-08,7718,605,8323
EMP-1039,Margaret Jones,Design,Visual Designer,IC2,FTE,2024-09,7718,698,8416
EMP-1039,Margaret Jones,Design,Visual Designer,IC2,FTE,2024-10,7718,681,8399
EMP-1039,Margaret Jones,Design,Visual Designer,IC2,FTE,2024-11,7718,378,8096
EMP-1039,Margaret Jones,Design,Visual Designer,IC2,FTE,2024-12,7718,567,8285
EMP-1039,Margaret Jones,Design,Visual Designer,IC2,FTE,2025-01,7718,243,7961
EMP-1039,Margaret Jones,Design,Visual Designer,IC2,FTE,2025-02,7718,305,8023
EMP-1039,Margaret Jones,Design,Visual Designer,IC2,FTE,2025-03,7718,727,8445
EMP-1039,Margaret Jones,Design,Visual Designer,IC2,FTE,2025-04,7718,109,7827
EMP-1039,Margaret Jones,Design,Visual Designer,IC2,FTE,2025-05,7718,159,7877
EMP-1039,Margaret Jones,Design,Visual Designer,IC2,FTE,2025-06,7718,245,7963
EMP-1040,Donna Gonzalez,Design,Design Systems Lead,IC4,FTE,2023-07,11745,5,11750
EMP-1040,Donna Gonzalez,Design,Design Systems Lead,IC4,FTE,2023-08,11745,36,11781
EMP-1040,Donna Gonzalez,Design,Design Systems Lead,IC4,FTE,2023-09,11745,116,11861
EMP-1040,Donna Gonzalez,Design,Design Systems Lead,IC4,FTE,2023-10,11745,84,11829
EMP-1040,Donna Gonzalez,Design,Design Systems Lead,IC4,FTE,2023-11,11745,178,11923
EMP-1040,Donna Gonzalez,Design,Design Systems Lead,IC4,FTE,2023-12,11745,163,11908
EMP-1040,Donna Gonzalez,Design,Design Systems Lead,IC4,FTE,2024-01,11745,169,11914
EMP-1040,Donna Gonzalez,Design,Design Systems Lead,IC4,FTE,2024-02,11745,140,11885
EMP-1040,Donna Gonzalez,Design,Design Systems Lead,IC4,FTE,2024-03,11745,182,11927
EMP-1040,Donna Gonzalez,Design,Design Systems Lead,IC4,FTE,2024-04,11745,256,12001
EMP-1040,Donna Gonzalez,Design,Design Systems Lead,IC4,FTE,2024-05,11745,143,11888
EMP-1040,Donna Gonzalez,Design,Design Systems Lead,IC4,FTE,2024-06,11745,268,12013
EMP-1040,Donna Gonzalez,Design,Design Systems Lead,IC4,FTE,2024-07,12332,386,12718
EMP-1040,Donna Gonzalez,Design,Design Systems Lead,IC4,FTE,2024-08,12332,486,12818
EMP-1040,Donna Gonzalez,Design,Design Systems Lead,IC4,FTE,2024-09,12332,405,12737
EMP-1040,Donna Gonzalez,Design,Design Systems Lead,IC4,FTE,2024-10,12332,306,12638
EMP-1040,Donna Gonzalez,Design,Design Systems Lead,IC4,FTE,2024-11,12332,763,13095
EMP-1040,Donna Gonzalez,Design,Design Systems Lead,IC4,FTE,2024-12,12332,634,12966
EMP-1040,Donna Gonzalez,Design,Design Systems Lead,IC4,FTE,2025-01,12332,198,12530
EMP-1040,Donna Gonzalez,Design,Design Systems Lead,IC4,FTE,2025-02,12332,707,13039
EMP-1040,Donna Gonzalez,Design,Design Systems Lead,IC4,FTE,2025-03,12332,441,12773
EMP-1040,Donna Gonzalez,Design,Design Systems Lead,IC4,FTE,2025-04,12332,726,13058
EMP-1040,Donna Gonzalez,Design,Design Systems Lead,IC4,FTE,2025-05,12332,659,12991
EMP-1040,Donna Gonzalez,Design,Design Systems Lead,IC4,FTE,2025-06,12332,397,12729
EMP-1041,Jennifer Torres,Design,Product Designer,IC3,Contractor,2023-07,9399,17,9416
EMP-1041,Jennifer Torres,Design,Product Designer,IC3,Contractor,2023-08,9399,214,9613
EMP-1041,Jennifer Torres,Design,Product Designer,IC3,Contractor,2023-09,9399,433,9832
EMP-1041,Jennifer Torres,Design,Product Designer,IC3,Contractor,2023-10,9399,506,9905
EMP-1041,Jennifer Torres,Design,Product Designer,IC3,Contractor,2023-11,9399,206,9605
EMP-1041,Jennifer Torres,Design,Product Designer,IC3,Contractor,2023-12,9399,111,9510
EMP-1041,Jennifer Torres,Design,Product Designer,IC3,Contractor,2024-01,9399,667,10066
EMP-1041,Jennifer Torres,Design,Product Designer,IC3,Contractor,2024-02,9399,787,10186
EMP-1041,Jennifer Torres,Design,Product Designer,IC3,Contractor,2024-03,9399,420,9819
EMP-1041,Jennifer Torres,Design,Product Designer,IC3,Contractor,2024-04,9399,137,9536
EMP-1041,Jennifer Torres,Design,Product Designer,IC3,Contractor,2024-05,9399,217,9616
EMP-1041,Jennifer Torres,Design,Product Designer,IC3,Contractor,2024-06,9399,14,9413
EMP-1041,Jennifer Torres,Design,Product Designer,IC3,Contractor,2024-07,9399,731,10130
EMP-1041,Jennifer Torres,Design,Product Designer,IC3,Contractor,2024-08,9399,94,9493
EMP-1041,Jennifer Torres,Design,Product Designer,IC3,Contractor,2024-09,9399,461,9860
EMP-1041,Jennifer Torres,Design,Product Designer,IC3,Contractor,2024-10,10808,219,11027
EMP-1041,Jennifer Torres,Design,Product Designer,IC3,Contractor,2024-11,10808,831,11639
EMP-1041,Jennifer Torres,Design,Product Designer,IC3,Contractor,2024-12,10808,977,11785
EMP-1041,Jennifer Torres,Design,Product Designer,IC3,Contractor,2025-01,10808,1244,12052
EMP-1041,Jennifer Torres,Design,Product Designer,IC3,Contractor,2025-02,10808,309,11117
EMP-1041,Jennifer Torres,Design,Product Designer,IC3,Contractor,2025-03,10808,16,10824
EMP-1041,Jennifer Torres,Design,Product Designer,IC3,Contractor,2025-04,10808,205,11013
EMP-1041,Jennifer Torres,Design,Product Designer,IC3,Contractor,2025-05,10808,1350,12158
EMP-1041,Jennifer Torres,Design,Product Designer,IC3,Contractor,2025-06,10808,1310,12118
EMP-1042,Paul White,Design,Product Designer,IC4,FTE,2023-07,11080,119,11199
EMP-1042,Paul White,Design,Product Designer,IC4,FTE,2023-08,11080,120,11200
EMP-1042,Paul White,Design,Product Designer,IC4,FTE,2023-09,11080,133,11213
EMP-1042,Paul White,Design,Product Designer,IC4,FTE,2023-10,11080,35,11115
EMP-1042,Paul White,Design,Product Designer,IC4,FTE,2023-11,11080,182,11262
EMP-1042,Paul White,Design,Product Designer,IC4,FTE,2023-12,11080,83,11163
EMP-1042,Paul White,Design,Product Designer,IC4,FTE,2024-01,11080,184,11264
EMP-1042,Paul White,Design,Product Designer,IC4,FTE,2024-02,11080,231,11311
EMP-1042,Paul White,Design,Product Designer,IC4,FTE,2024-03,11080,66,11146
EMP-1042,Paul White,Design,Product Designer,IC4,FTE,2024-04,11080,108,11188
EMP-1042,Paul White,Design,Product Designer,IC4,FTE,2024-05,11080,308,11388
EMP-1042,Paul White,Design,Product Designer,IC4,FTE,2024-06,11080,78,11158
EMP-1042,Paul White,Design,Product Designer,IC4,FTE,2024-07,11634,522,12156
EMP-1042,Paul White,Design,Product Designer,IC4,FTE,2024-08,11634,271,11905
EMP-1042,Paul White,Design,Product Designer,IC4,FTE,2024-09,11634,372,12006
EMP-1042,Paul White,Design,Product Designer,IC4,FTE,2024-10,11634,302,11936
EMP-1042,Paul White,Design,Product Designer,IC4,FTE,2024-11,11634,348,11982
EMP-1042,Paul White,Design,Product Designer,IC4,FTE,2024-12,11634,603,12237
EMP-1042,Paul White,Design,Product Designer,IC4,FTE,2025-01,11634,307,11941
EMP-1042,Paul White,Design,Product Designer,IC4,FTE,2025-02,11634,496,12130
EMP-1042,Paul White,Design,Product Designer,IC4,FTE,2025-03,11634,433,12067
EMP-1042,Paul White,Design,Product Designer,IC4,FTE,2025-04,11634,564,12198
EMP-1042,Paul White,Design,Product Designer,IC4,FTE,2025-05,11634,755,12389
EMP-1042,Paul White,Design,Product Designer,IC4,FTE,2025-06,11634,612,12246
EMP-1043,Michael Flores,Data,Data Analyst,IC2,Contractor,2023-07,6997,171,7168
EMP-1043,Michael Flores,Data,Data Analyst,IC2,Contractor,2023-08,6997,24,7021
EMP-1043,Michael Flores,Data,Data Analyst,IC2,Contractor,2023-09,6997,209,7206
EMP-1043,Michael Flores,Data,Data Analyst,IC2,Contractor,2023-10,6997,476,7473
EMP-1043,Michael Flores,Data,Data Analyst,IC2,Contractor,2023-11,6997,41,7038
EMP-1043,Michael Flores,Data,Data Analyst,IC2,Contractor,2023-12,6997,397,7394
EMP-1043,Michael Flores,Data,Data Analyst,IC2,Contractor,2024-01,6997,477,7474
EMP-1043,Michael Flores,Data,Data Analyst,IC2,Contractor,2024-02,6997,267,7264
EMP-1043,Michael Flores,Data,Data Analyst,IC2,Contractor,2024-03,6997,616,7613
EMP-1043,Michael Flores,Data,Data Analyst,IC2,Contractor,2024-04,6997,85,7082
EMP-1043,Michael Flores,Data,Data Analyst,IC2,Contractor,2024-05,6997,60,7057
EMP-1043,Michael Flores,Data,Data Analyst,IC2,Contractor,2024-06,6997,582,7579
EMP-1043,Michael Flores,Data,Data Analyst,IC2,Contractor,2024-07,6997,396,7393
EMP-1043,Michael Flores,Data,Data Analyst,IC2,Contractor,2024-08,6997,550,7547
EMP-1043,Michael Flores,Data,Data Analyst,IC2,Contractor,2024-09,6997,347,7344
EMP-1043,Michael Flores,Data,Data Analyst,IC2,Contractor,2024-10,8046,197,8243
EMP-1043,Michael Flores,Data,Data Analyst,IC2,Contractor,2024-11,8046,1228,9274
EMP-1043,Michael Flores,Data,Data Analyst,IC2,Contractor,2024-12,8046,1199,9245
EMP-1043,Michael Flores,Data,Data Analyst,IC2,Contractor,2025-01,8046,1042,9088
EMP-1043,Michael Flores,Data,Data Analyst,IC2,Contractor,2025-02,8046,408,8454
EMP-1043,Michael Flores,Data,Data Analyst,IC2,Contractor,2025-03,8046,885,8931
EMP-1043,Michael Flores,Data,Data Analyst,IC2,Contractor,2025-04,8046,541,8587
EMP-1043,Michael Flores,Data,Data Analyst,IC2,Contractor,2025-05,8046,137,8183
EMP-1043,Michael Flores,Data,Data Analyst,IC2,Contractor,2025-06,8046,1375,9421
EMP-1044,David Green,Data,Data Analyst,IC3,FTE,2023-07,9278,27,9305
EMP-1044,David Green,Data,Data Analyst,IC3,FTE,2023-08,9278,190,9468
EMP-1044,David Green,Data,Data Analyst,IC3,FTE,2023-09,9278,89,9367
EMP-1044,David Green,Data,Data Analyst,IC3,FTE,2023-10,9278,37,9315
EMP-1044,David Green,Data,Data Analyst,IC3,FTE,2023-11,9278,108,9386
EMP-1044,David Green,Data,Data Analyst,IC3,FTE,2023-12,9278,174,9452
EMP-1044,David Green,Data,Data Analyst,IC3,FTE,2024-01,9278,306,9584
EMP-1044,David Green,Data,Data Analyst,IC3,FTE,2024-02,9278,332,9610
EMP-1044,David Green,Data,Data Analyst,IC3,FTE,2024-03,9278,280,9558
EMP-1044,David Green,Data,Data Analyst,IC3,FTE,2024-04,9278,292,9570
EMP-1044,David Green,Data,Data Analyst,IC3,FTE,2024-05,9278,347,9625
EMP-1044,David Green,Data,Data Analyst,IC3,FTE,2024-06,9278,137,9415
EMP-1044,David Green,Data,Data Analyst,IC3,FTE,2024-07,9741,442,10183
EMP-1044,David Green,Data,Data Analyst,IC3,FTE,2024-08,9741,254,9995
EMP-1044,David Green,Data,Data Analyst,IC3,FTE,2024-09,9741,791,10532
EMP-1044,David Green,Data,Data Analyst,IC3,FTE,2024-10,9741,760,10501
EMP-1044,David Green,Data,Data Analyst,IC3,FTE,2024-11,9741,127,9868
EMP-1044,David Green,Data,Data Analyst,IC3,FTE,2024-12,9741,593,10334
EMP-1044,David Green,Data,Data Analyst,IC3,FTE,2025-01,9741,747,10488
EMP-1044,David Green,Data,Data Analyst,IC3,FTE,2025-02,9741,226,9967
EMP-1044,David Green,Data,Data Analyst,IC3,FTE,2025-03,9741,497,10238
EMP-1044,David Green,Data,Data Analyst,IC3,FTE,2025-04,9741,740,10481
EMP-1044,David Green,Data,Data Analyst,IC3,FTE,2025-05,9741,123,9864
EMP-1044,David Green,Data,Data Analyst,IC3,FTE,2025-06,9741,588,10329
EMP-1045,Joseph Jackson,Data,Data Engineer,IC3,FTE,2023-07,9128,59,9187
EMP-1045,Joseph Jackson,Data,Data Engineer,IC3,FTE,2023-08,9128,184,9312
EMP-1045,Joseph Jackson,Data,Data Engineer,IC3,FTE,2023-09,9128,194,9322
EMP-1045,Joseph Jackson,Data,Data Engineer,IC3,FTE,2023-10,9128,188,9316
EMP-1045,Joseph Jackson,Data,Data Engineer,IC3,FTE,2023-11,9128,94,9222
EMP-1045,Joseph Jackson,Data,Data Engineer,IC3,FTE,2023-12,9128,172,9300
EMP-1045,Joseph Jackson,Data,Data Engineer,IC3,FTE,2024-01,9128,345,9473
EMP-1045,Joseph Jackson,Data,Data Engineer,IC3,FTE,2024-02,9128,161,9289
EMP-1045,Joseph Jackson,Data,Data Engineer,IC3,FTE,2024-03,9128,340,9468
EMP-1045,Joseph Jackson,Data,Data Engineer,IC3,FTE,2024-04,9128,62,9190
EMP-1045,Joseph Jackson,Data,Data Engineer,IC3,FTE,2024-05,9128,258,9386
EMP-1045,Joseph Jackson,Data,Data Engineer,IC3,FTE,2024-06,9128,130,9258
EMP-1045,Joseph Jackson,Data,Data Engineer,IC3,FTE,2024-07,9584,184,9768
EMP-1045,Joseph Jackson,Data,Data Engineer,IC3,FTE,2024-08,9584,153,9737
EMP-1045,Joseph Jackson,Data,Data Engineer,IC3,FTE,2024-09,9584,587,10171
EMP-1045,Joseph Jackson,Data,Data Engineer,IC3,FTE,2024-10,9584,337,9921
EMP-1045,Joseph Jackson,Data,Data Engineer,IC3,FTE,2024-11,9584,607,10191
EMP-1045,Joseph Jackson,Data,Data Engineer,IC3,FTE,2024-12,9584,145,9729
EMP-1045,Joseph Jackson,Data,Data Engineer,IC3,FTE,2025-01,9584,320,9904
EMP-1045,Joseph Jackson,Data,Data Engineer,IC3,FTE,2025-02,9584,477,10061
EMP-1045,Joseph Jackson,Data,Data Engineer,IC3,FTE,2025-03,9584,653,10237
EMP-1045,Joseph Jackson,Data,Data Engineer,IC3,FTE,2025-04,9584,323,9907
EMP-1045,Joseph Jackson,Data,Data Engineer,IC3,FTE,2025-05,9584,538,10122
EMP-1045,Joseph Jackson,Data,Data Engineer,IC3,FTE,2025-06,9584,720,10304
EMP-1046,Jessica Scott,Data,Data Engineer,IC4,Contractor,2023-07,11986,492,12478
EMP-1046,Jessica Scott,Data,Data Engineer,IC4,Contractor,2023-08,11986,186,12172
EMP-1046,Jessica Scott,Data,Data Engineer,IC4,Contractor,2023-09,11986,19,12005
EMP-1046,Jessica Scott,Data,Data Engineer,IC4,Contractor,2023-10,11986,696,12682
EMP-1046,Jessica Scott,Data,Data Engineer,IC4,Contractor,2023-11,11986,17,12003
EMP-1046,Jessica Scott,Data,Data Engineer,IC4,Contractor,2023-12,11986,699,12685
EMP-1046,Jessica Scott,Data,Data Engineer,IC4,Contractor,2024-01,11986,423,12409
EMP-1046,Jessica Scott,Data,Data Engineer,IC4,Contractor,2024-02,11986,751,12737
EMP-1046,Jessica Scott,Data,Data Engineer,IC4,Contractor,2024-03,11986,639,12625
EMP-1046,Jessica Scott,Data,Data Engineer,IC4,Contractor,2024-04,11986,798,12784
EMP-1046,Jessica Scott,Data,Data Engineer,IC4,Contractor,2024-05,11986,280,12266
EMP-1046,Jessica Scott,Data,Data Engineer,IC4,Contractor,2024-06,11986,613,12599
EMP-1046,Jessica Scott,Data,Data Engineer,IC4,Contractor,2024-07,11986,321,12307
EMP-1046,Jessica Scott,Data,Data Engineer,IC4,Contractor,2024-08,11986,383,12369
EMP-1046,Jessica Scott,Data,Data Engineer,IC4,Contractor,2024-09,11986,502,12488
EMP-1046,Jessica Scott,Data,Data Engineer,IC4,Contractor,2024-10,13783,698,14481
EMP-1046,Jessica Scott,Data,Data Engineer,IC4,Contractor,2024-11,13783,1476,15259
EMP-1046,Jessica Scott,Data,Data Engineer,IC4,Contractor,2024-12,13783,1152,14935
EMP-1046,Jessica Scott,Data,Data Engineer,IC4,Contractor,2025-01,13783,626,14409
EMP-1046,Jessica Scott,Data,Data Engineer,IC4,Contractor,2025-02,13783,632,14415
EMP-1046,Jessica Scott,Data,Data Engineer,IC4,Contractor,2025-03,13783,1106,14889
EMP-1046,Jessica Scott,Data,Data Engineer,IC4,Contractor,2025-04,13783,358,14141
EMP-1046,Jessica Scott,Data,Data Engineer,IC4,Contractor,2025-05,13783,165,13948
EMP-1046,Jessica Scott,Data,Data Engineer,IC4,Contractor,2025-06,13783,531,14314
EMP-1047,Sarah Garcia,Data,ML Engineer,IC4,FTE,2024-05,13896,150,14046
EMP-1047,Sarah Garcia,Data,ML Engineer,IC4,FTE,2024-06,13896,153,14049
EMP-1047,Sarah Garcia,Data,ML Engineer,IC4,FTE,2024-07,14590,263,14853
EMP-1047,Sarah Garcia,Data,ML Engineer,IC4,FTE,2024-08,14590,129,14719
EMP-1047,Sarah Garcia,Data,ML Engineer,IC4,FTE,2024-09,14590,112,14702
EMP-1047,Sarah Garcia,Data,ML Engineer,IC4,FTE,2024-10,14590,791,15381
EMP-1047,Sarah Garcia,Data,ML Engineer,IC4,FTE,2024-11,14590,399,14989
EMP-1047,Sarah Garcia,Data,ML Engineer,IC4,FTE,2024-12,14590,369,14959
EMP-1047,Sarah Garcia,Data,ML Engineer,IC4,FTE,2025-01,14590,575,15165
EMP-1047,Sarah Garcia,Data,ML Engineer,IC4,FTE,2025-02,14590,252,14842
EMP-1047,Sarah Garcia,Data,ML Engineer,IC4,FTE,2025-03,14590,764,15354
EMP-1047,Sarah Garcia,Data,ML Engineer,IC4,FTE,2025-04,14590,650,15240
EMP-1047,Sarah Garcia,Data,ML Engineer,IC4,FTE,2025-05,14590,162,14752
EMP-1047,Sarah Garcia,Data,ML Engineer,IC4,FTE,2025-06,14590,392,14982
EMP-1048,Mary Harris,Data,Data Science Manager,M1,FTE,2023-07,14893,175,15068
EMP-1048,Mary Harris,Data,Data Science Manager,M1,FTE,2023-08,14893,188,15081
EMP-1048,Mary Harris,Data,Data Science Manager,M1,FTE,2023-09,14893,93,14986
EMP-1048,Mary Harris,Data,Data Science Manager,M1,FTE,2023-10,14893,122,15015
EMP-1048,Mary Harris,Data,Data Science Manager,M1,FTE,2023-11,14893,33,14926
EMP-1048,Mary Harris,Data,Data Science Manager,M1,FTE,2023-12,14893,198,15091
EMP-1048,Mary Harris,Data,Data Science Manager,M1,FTE,2024-01,14893,131,15024
EMP-1048,Mary Harris,Data,Data Science Manager,M1,FTE,2024-02,14893,379,15272
EMP-1048,Mary Harris,Data,Data Science Manager,M1,FTE,2024-03,14893,277,15170
EMP-1048,Mary Harris,Data,Data Science Manager,M1,FTE,2024-04,14893,262,15155
EMP-1048,Mary Harris,Data,Data Science Manager,M1,FTE,2024-05,14893,229,15122
EMP-1048,Mary Harris,Data,Data Science Manager,M1,FTE,2024-06,14893,130,15023
EMP-1048,Mary Harris,Data,Data Science Manager,M1,FTE,2024-07,15637,223,15860
EMP-1048,Mary Harris,Data,Data Science Manager,M1,FTE,2024-08,15637,254,15891
EMP-1048,Mary Harris,Data,Data Science Manager,M1,FTE,2024-09,15637,230,15867
EMP-1048,Mary Harris,Data,Data Science Manager,M1,FTE,2024-10,15637,645,16282
EMP-1048,Mary Harris,Data,Data Science Manager,M1,FTE,2024-11,15637,345,15982
EMP-1048,Mary Harris,Data,Data Science Manager,M1,FTE,2024-12,15637,140,15777
EMP-1048,Mary Harris,Data,Data Science Manager,M1,FTE,2025-01,15637,778,16415
EMP-1048,Mary Harris,Data,Data Science Manager,M1,FTE,2025-02,15637,718,16355
EMP-1048,Mary Harris,Data,Data Science Manager,M1,FTE,2025-03,15637,749,16386
EMP-1048,Mary Harris,Data,Data Science Manager,M1,FTE,2025-04,15637,796,16433
EMP-1048,Mary Harris,Data,Data Science Manager,M1,FTE,2025-05,15637,221,15858
EMP-1048,Mary Harris,Data,Data Science Manager,M1,FTE,2025-06,15637,377,16014
EMP-1049,Linda Davis,Data,Analytics Engineer,IC3,FTE,2023-07,9687,151,9838
EMP-1049,Linda Davis,Data,Analytics Engineer,IC3,FTE,2023-08,9687,139,9826
EMP-1049,Linda Davis,Data,Analytics Engineer,IC3,FTE,2023-09,9687,30,9717
EMP-1049,Linda Davis,Data,Analytics Engineer,IC3,FTE,2023-10,9687,163,9850
EMP-1049,Linda Davis,Data,Analytics Engineer,IC3,FTE,2023-11,9687,44,9731
EMP-1049,Linda Davis,Data,Analytics Engineer,IC3,FTE,2023-12,9687,44,9731
EMP-1049,Linda Davis,Data,Analytics Engineer,IC3,FTE,2024-01,9687,237,9924
EMP-1049,Linda Davis,Data,Analytics Engineer,IC3,FTE,2024-02,9687,257,9944
EMP-1049,Linda Davis,Data,Analytics Engineer,IC3,FTE,2024-03,9687,253,9940
EMP-1049,Linda Davis,Data,Analytics Engineer,IC3,FTE,2024-04,9687,82,9769
EMP-1049,Linda Davis,Data,Analytics Engineer,IC3,FTE,2024-05,9687,357,10044
EMP-1049,Linda Davis,Data,Analytics Engineer,IC3,FTE,2024-06,9687,142,9829
EMP-1049,Linda Davis,Data,Analytics Engineer,IC3,FTE,2024-07,10171,190,10361
EMP-1049,Linda Davis,Data,Analytics Engineer,IC3,FTE,2024-08,10171,722,10893
EMP-1049,Linda Davis,Data,Analytics Engineer,IC3,FTE,2024-09,10171,768,10939
EMP-1049,Linda Davis,Data,Analytics Engineer,IC3,FTE,2024-10,10171,703,10874
EMP-1049,Linda Davis,Data,Analytics Engineer,IC3,FTE,2024-11,10171,666,10837
EMP-1049,Linda Davis,Data,Analytics Engineer,IC3,FTE,2024-12,10171,558,10729
EMP-1049,Linda Davis,Data,Analytics Engineer,IC3,FTE,2025-01,10171,485,10656
EMP-1049,Linda Davis,Data,Analytics Engineer,IC3,FTE,2025-02,10171,160,10331
EMP-1049,Linda Davis,Data,Analytics Engineer,IC3,FTE,2025-03,10171,385,10556
EMP-1049,Linda Davis,Data,Analytics Engineer,IC3,FTE,2025-04,10171,360,10531
EMP-1049,Linda Davis,Data,Analytics Engineer,IC3,FTE,2025-05,10171,281,10452
EMP-1049,Linda Davis,Data,Analytics Engineer,IC3,FTE,2025-06,10171,606,10777
EMP-1050,Kenneth Wright,Data,ML Engineer,IC3,FTE,2023-07,10552,99,10651
EMP-1050,Kenneth Wright,Data,ML Engineer,IC3,FTE,2023-08,10552,16,10568
EMP-1050,Kenneth Wright,Data,ML Engineer,IC3,FTE,2023-09,10552,44,10596
EMP-1050,Kenneth Wright,Data,ML Engineer,IC3,FTE,2023-10,10552,136,10688
EMP-1050,Kenneth Wright,Data,ML Engineer,IC3,FTE,2023-11,10552,15,10567
EMP-1050,Kenneth Wright,Data,ML Engineer,IC3,FTE,2023-12,10552,170,10722
EMP-1050,Kenneth Wright,Data,ML Engineer,IC3,FTE,2024-01,10552,223,10775
EMP-1050,Kenneth Wright,Data,ML Engineer,IC3,FTE,2024-02,10552,218,10770
EMP-1050,Kenneth Wright,Data,ML Engineer,IC3,FTE,2024-03,10552,257,10809
EMP-1050,Kenneth Wright,Data,ML Engineer,IC3,FTE,2024-04,10552,338,10890
EMP-1050,Kenneth Wright,Data,ML Engineer,IC3,FTE,2024-05,10552,171,10723
EMP-1050,Kenneth Wright,Data,ML Engineer,IC3,FTE,2024-06,10552,287,10839
EMP-1050,Kenneth Wright,Data,ML Engineer,IC3,FTE,2024-07,11079,496,11575
EMP-1050,Kenneth Wright,Data,ML Engineer,IC3,FTE,2024-08,11079,286,11365
EMP-1050,Kenneth Wright,Data,ML Engineer,IC3,FTE,2024-09,11079,715,11794
EMP-1050,Kenneth Wright,Data,ML Engineer,IC3,FTE,2024-10,11079,658,11737
EMP-1050,Kenneth Wright,Data,ML Engineer,IC3,FTE,2024-11,11079,560,11639
EMP-1050,Kenneth Wright,Data,ML Engineer,IC3,FTE,2024-12,11079,695,11774
EMP-1050,Kenneth Wright,Data,ML Engineer,IC3,FTE,2025-01,11079,707,11786
EMP-1050,Kenneth Wright,Data,ML Engineer,IC3,FTE,2025-02,11079,595,11674
EMP-1050,Kenneth Wright,Data,ML Engineer,IC3,FTE,2025-03,11079,685,11764
EMP-1050,Kenneth Wright,Data,ML Engineer,IC3,FTE,2025-04,11079,588,11667
EMP-1050,Kenneth Wright,Data,ML Engineer,IC3,FTE,2025-05,11079,576,11655
EMP-1050,Kenneth Wright,Data,ML Engineer,IC3,FTE,2025-06,11079,533,11612
